Gale,Douglas,gdouglas0@ustream.tv,Bigender,223.160.8.198
Hamil,Harlin,hharlin1@google.fr,Male,198.234.164.41
Kristal,Milsom,kmilsom2@sciencedirect.com,Female,189.16.34.199
Luca,Epinay,lepinay3@meetup.com,Male,144.221.196.141
Kaiser,Billing,kbilling4@mysql.com,Male,120.130.75.3
Fleurette,Peschka,fpeschka5@hc360.com,Female,232.190.219.180
Consuelo,Kinworthy,ckinworthy6@tinyurl.com,Female,147.213.178.243
Kerrin,Ferrara,kferrara7@reverbnation.com,Female,211.75.85.60
Eda,Shergill,eshergill8@webmd.com,Female,144.198.177.115
Padget,Proom,pproom9@lulu.com,Male,223.39.230.236
Doll,Sprasen,dsprasena@jalbum.net,Female,236.215.63.35
Georgeta,Agneau,gagneaub@jiathis.com,Female,8.192.235.21
Ebonee,Yeldham,eyeldhamc@about.com,Female,70.37.202.12
Fara,Geach,fgeachd@amazon.co.jp,Female,192.211.211.143
Tori,Weaben,tweabene@webs.com,Female,30.36.31.81
Ed,Gallihawk,egallihawkf@theatlantic.com,Male,136.192.68.114
Aldus,Volage,avolageg@businesswire.com,Male,207.22.200.27
Elga,Papps,epappsh@nyu.edu,Female,12.192.187.190
Deane,Juorio,djuorioi@fc2.com,Male,117.9.52.227
Sisely,Ashbridge,sashbridgej@1688.com,Female,114.218.96.73
Kristen,Willshear,kwillsheark@discuz.net,Female,183.52.11.76
Carl,Langhor,clanghorl@cnet.com,Male,87.84.32.159
Joaquin,Screas,jscreasm@vinaora.com,Male,25.179.175.147
Nappie,Meconi,nmeconin@hexun.com,Male,232.255.211.251
Fee,Murtagh,fmurtagho@gov.uk,Male,50.146.120.96
Carmine,Creyke,ccreykep@apple.com,Male,225.209.246.185
Erna,Alexsandrowicz,ealexsandrowiczq@whitehouse.gov,Female,146.117.228.208
Milli,Clyburn,mclyburnr@sciencedirect.com,Female,141.175.59.199
Sandor,Attridge,sattridges@sbwire.com,Male,235.202.90.44
Laurice,Hydes,lhydest@clickbank.net,Female,221.237.110.26
Alexandr,Earney,aearneyu@vinaora.com,Male,93.188.232.60
Janot,Norwell,jnorwellv@topsy.com,Female,250.121.54.72
Bobbie,Sproat,bsproatw@alibaba.com,Male,14.211.79.153
Stillman,Kemet,skemetx@toplist.cz,Agender,142.145.213.228
Robin,Renon,rrenony@mashable.com,Female,113.206.124.184
Georgetta,Adolphine,gadolphinez@a8.net,Female,51.159.226.89
Ave,Archbould,aarchbould10@cdc.gov,Male,163.109.229.137
Leoline,Gotecliffe,lgotecliffe11@tinypic.com,Female,232.167.164.192
Urbain,Gosnall,ugosnall12@cnet.com,Male,215.140.189.153
Dasha,Ambrogioli,dambrogioli13@infoseek.co.jp,Female,153.134.247.58
Kynthia,Scolland,kscolland14@whitehouse.gov,Female,136.205.176.204
Buck,Macauley,bmacauley15@dot.gov,Male,135.211.59.77
Franciskus,Edelheit,fedelheit16@msn.com,Male,120.108.205.2
Rosalie,Curley,rcurley17@e-recht24.de,Female,210.7.17.41
Salim,Dicty,sdicty18@quantcast.com,Male,207.161.188.90
Erminie,Rennocks,erennocks19@hhs.gov,Female,48.83.246.144
Tymon,Rendell,trendell1a@youku.com,Male,21.251.184.17
Cornie,Banck,cbanck1b@youtu.be,Male,30.104.188.112
Chrissy,Arnell,carnell1c@epa.gov,Male,255.235.140.119
Leyla,Varnals,lvarnals1d@mapy.cz,Female,14.86.97.53
Cherilyn,Dunston,cdunston1e@rakuten.co.jp,Female,66.45.239.221
Huntlee,Atkinson,hatkinson1f@networksolutions.com,Male,97.232.11.148
Oswald,Klassman,oklassman1g@hp.com,Male,205.247.233.64
Svend,Pecht,specht1h@apache.org,Non-binary,236.105.63.186
Fraze,Blackwell,fblackwell1i@techcrunch.com,Male,243.43.18.1
Hastie,Thwaites,hthwaites1j@mozilla.com,Male,150.79.160.57
Bonny,Buckenham,bbuckenham1k@dedecms.com,Female,69.1.47.139
Ave,Gravells,agravells1l@java.com,Male,224.123.227.152
Malissa,Ratt,mratt1m@nydailynews.com,Female,15.44.132.252
Ardeen,Vreiberg,avreiberg1n@rediff.com,Female,201.216.222.124
Humfrey,Jellico,hjellico1o@cbsnews.com,Male,0.96.136.171
Alli,Spinage,aspinage1p@lulu.com,Female,29.182.63.15
Dietrich,Schechter,dschechter1q@google.pl,Male,66.1.100.110
Creight,Fouldes,cfouldes1r@pcworld.com,Male,106.7.52.81
Stevie,Brenard,sbrenard1s@ed.gov,Male,100.232.98.142
Innis,Paget,ipaget1t@1688.com,Male,193.143.99.171
Kellby,Karchewski,kkarchewski1u@seesaa.net,Male,187.243.48.180
Karylin,Dalgetty,kdalgetty1v@google.co.jp,Female,28.28.31.163
Fionnula,Flaherty,fflaherty1w@ovh.net,Female,129.189.31.239
Howey,Mazzei,hmazzei1x@samsung.com,Male,215.25.170.178
Marve,Pyke,mpyke1y@dot.gov,Male,144.3.162.20
Bride,Shenton,bshenton1z@indiatimes.com,Agender,149.153.39.84
Lodovico,Crannach,lcrannach20@dell.com,Male,91.126.135.120
Ronnie,Geillier,rgeillier21@flavors.me,Male,245.91.188.160
Gwenore,Rupert,grupert22@networksolutions.com,Female,15.173.95.226
Christyna,Gosdin,cgosdin23@netscape.com,Female,229.198.130.38
Rani,Lanyon,rlanyon24@japanpost.jp,Genderfluid,218.228.180.5
Lisetta,Rimington,lrimington25@msu.edu,Female,38.0.45.174
Allx,Pappin,apappin26@census.gov,Female,123.243.239.24
Doti,Simionescu,dsimionescu27@state.tx.us,Bigender,76.136.7.2
Noble,Fallowes,nfallowes28@statcounter.com,Male,222.192.77.185
Babbie,Tingey,btingey29@gravatar.com,Polygender,77.17.213.32
Darya,Philippeaux,dphilippeaux2a@house.gov,Genderfluid,134.91.14.224
Reid,Bloys,rbloys2b@usgs.gov,Male,71.3.127.147
Elnore,Annes,eannes2c@nytimes.com,Female,226.180.98.213
Meier,Lonie,mlonie2d@ucsd.edu,Male,186.133.170.194
Herby,Goghin,hgoghin2e@deviantart.com,Genderfluid,237.43.93.162
Flor,Buddles,fbuddles2f@quantcast.com,Female,90.60.191.1
Merl,Le Grice,mlegrice2g@trellian.com,Female,79.7.129.119
Arly,Astie,aastie2h@hibu.com,Female,162.132.167.185
Kinsley,Gumery,kgumery2i@friendfeed.com,Male,136.154.97.98
Mirella,Kembry,mkembry2j@nsw.gov.au,Female,135.92.86.42
Niki,Cossor,ncossor2k@etsy.com,Male,9.141.59.43
Idell,Caroline,icaroline2l@slate.com,Female,32.131.200.114
Arlen,McCurtin,amccurtin2m@google.de,Female,42.109.94.149
Florencia,Crystal,fcrystal2n@mediafire.com,Female,207.211.107.117
Cleve,Wormleighton,cwormleighton2o@multiply.com,Male,251.147.45.47
Anderea,McCann,amccann2p@sphinn.com,Female,146.18.27.242
Mallissa,Signore,msignore2q@moonfruit.com,Female,240.11.136.120
Esdras,Rock,erock2r@vistaprint.com,Male,105.194.105.47
Hermon,Chumley,hchumley2s@washingtonpost.com,Polygender,15.108.51.0
Woody,Gerardet,wgerardet2t@myspace.com,Male,179.33.24.134
Hobart,Warman,hwarman2u@shutterfly.com,Male,71.153.202.212
Margeaux,Cordell,mcordell2v@themeforest.net,Female,127.204.136.0
Orbadiah,Methven,omethven2w@fotki.com,Male,224.109.107.223
Jervis,Stuehmeyer,jstuehmeyer2x@google.de,Male,54.126.81.55
Pascale,Toderini,ptoderini2y@dailymotion.com,Male,163.210.231.206
Dale,Dubbin,ddubbin2z@amazon.de,Female,151.185.220.40
Amelina,Liepins,aliepins30@myspace.com,Female,25.210.8.33
Rozelle,Chasemoore,rchasemoore31@skyrock.com,Female,53.224.113.245
Theobald,Newvill,tnewvill32@google.cn,Male,75.245.234.135
Chelsae,Orrin,corrin33@1und1.de,Female,172.245.40.81
Naoma,Alday,nalday34@weather.com,Female,230.25.174.208
Mathew,Anglin,manglin35@ft.com,Male,92.176.234.51
Erskine,Canas,ecanas36@desdev.cn,Male,176.228.102.222
Dick,Bernadot,dbernadot37@alibaba.com,Male,34.202.191.137
Alys,Colquhoun,acolquhoun38@cisco.com,Female,67.203.246.170
Ethe,Vannar,evannar39@redcross.org,Male,84.25.187.49
Randal,Swinnard,rswinnard3a@ted.com,Male,0.115.151.31
Emelyne,Wincer,ewincer3b@behance.net,Female,0.13.206.51
Lela,Manoelli,lmanoelli3c@mit.edu,Female,59.170.98.219
Tammie,Arr,tarr3d@lulu.com,Agender,18.252.8.109
Sawyer,Van Hault,svanhault3e@chicagotribune.com,Male,215.48.215.36
Ethelbert,Gascar,egascar3f@github.com,Male,159.133.245.59
Garwood,Leimster,gleimster3g@godaddy.com,Male,131.208.198.10
Siffre,Toffanelli,stoffanelli3h@mozilla.org,Male,209.158.10.197
Averill,Mithon,amithon3i@netlog.com,Male,111.64.204.58
Amye,Meneur,ameneur3j@ebay.co.uk,Female,6.214.20.239
Fidela,Durek,fdurek3k@oracle.com,Female,200.248.245.247
Hyatt,Benbough,hbenbough3l@nydailynews.com,Male,48.54.175.75
Kania,Van Der Hoog,kvanderhoog3m@issuu.com,Female,253.2.99.37
Baird,Nockalls,bnockalls3n@shutterfly.com,Male,141.145.10.97
Kin,Buist,kbuist3o@creativecommons.org,Male,72.126.18.202
Britt,Foffano,bfoffano3p@google.es,Female,111.213.187.97
Trueman,Desorts,tdesorts3q@mlb.com,Male,167.154.74.171
Normand,Bakhrushkin,nbakhrushkin3r@ihg.com,Male,240.6.222.15
Meridith,Thomasen,mthomasen3s@1und1.de,Female,194.171.228.71
Annice,Vondrak,avondrak3t@acquirethisname.com,Female,250.183.19.146
Nessie,Foley,nfoley3u@newsvine.com,Female,1.74.106.202
Debor,Crowne,dcrowne3v@facebook.com,Female,186.173.83.37
Caryl,Arnett,carnett3w@sogou.com,Polygender,150.229.208.200
Agata,Arbor,aarbor3x@pen.io,Female,240.238.220.166
Tabbitha,Calderon,tcalderon3y@blinklist.com,Female,18.158.151.166
Culley,Merrywether,cmerrywether3z@yandex.ru,Male,167.167.192.214
Claire,Steade,csteade40@businessweek.com,Male,124.137.46.222
Chevy,Macauley,cmacauley41@berkeley.edu,Male,228.19.50.238
Augie,Penberthy,apenberthy42@multiply.com,Male,83.107.61.23
Lamond,Winger,lwinger43@github.io,Male,160.100.105.199
Wallis,Sharply,wsharply44@wikimedia.org,Male,10.104.89.232
Maire,Langfat,mlangfat45@dropbox.com,Female,70.138.171.139
Hussein,Gress,hgress46@edublogs.org,Male,133.189.34.254
Dew,Fredi,dfredi47@cam.ac.uk,Male,142.64.94.135
Stanislas,McCaughren,smccaughren48@reference.com,Male,55.3.218.183
Lanie,Sussems,lsussems49@discovery.com,Male,51.191.243.121
Reggie,Saville,rsaville4a@tinyurl.com,Male,75.184.19.190
Troy,Wisniewski,twisniewski4b@w3.org,Male,236.145.51.7
Aprilette,Redley,aredley4c@scribd.com,Female,221.172.165.148
Vail,Clemett,vclemett4d@360.cn,Male,247.93.70.58
Henryetta,Hollibone,hhollibone4e@wikispaces.com,Female,46.77.56.189
Lianne,Bromont,lbromont4f@nydailynews.com,Female,249.87.152.28
Cesaro,Ginie,cginie4g@xinhuanet.com,Male,200.29.191.104
Temple,Abbis,tabbis4h@furl.net,Male,145.88.60.178
Joycelin,Gaukrodge,jgaukrodge4i@state.gov,Female,15.199.5.210
Aldis,Redwing,aredwing4j@artisteer.com,Male,208.65.211.34
Venita,Sheach,vsheach4k@geocities.jp,Female,16.219.44.200
Laurene,Wickardt,lwickardt4l@wsj.com,Female,191.158.114.187
Margaux,Hinkens,mhinkens4m@auda.org.au,Female,12.27.90.41
Marena,Levis,mlevis4n@samsung.com,Agender,140.44.67.119
Cortie,Bradbury,cbradbury4o@gizmodo.com,Male,82.213.233.188
Rosemarie,Thripp,rthripp4p@youku.com,Female,17.185.27.83
Davy,Lishmund,dlishmund4q@nhs.uk,Male,167.122.218.242
Evin,Nunns,enunns4r@linkedin.com,Male,217.195.47.219
Marcos,Carter,mcarter4s@dell.com,Male,209.164.69.85
Jedidiah,Szach,jszach4t@icio.us,Male,0.211.166.114
Tome,Mullineux,tmullineux4u@blogspot.com,Male,249.6.6.229
Gaye,Capon,gcapon4v@microsoft.com,Non-binary,104.166.123.123
Byron,Blaksley,bblaksley4w@netlog.com,Male,43.195.45.178
Berke,Crace,bcrace4x@paypal.com,Male,31.23.78.215
Dale,Btham,dbtham4y@home.pl,Female,56.71.254.148
Rebecca,Himsworth,rhimsworth4z@simplemachines.org,Female,101.236.86.48
Bradford,Giddons,bgiddons50@51.la,Male,195.32.3.136
Dusty,Peirson,dpeirson51@washingtonpost.com,Female,240.42.250.102
Honoria,McGilben,hmcgilben52@irs.gov,Female,245.170.69.94
Peadar,Pembry,ppembry53@accuweather.com,Male,21.177.162.164
Granny,Sends,gsends54@independent.co.uk,Male,72.41.229.137
Ashleigh,Bugby,abugby55@cbsnews.com,Female,25.63.88.73
Had,Chaundy,hchaundy56@naver.com,Male,67.125.9.135
Moyna,Muffett,mmuffett57@census.gov,Female,34.115.228.15
Rozalie,Lampel,rlampel58@merriam-webster.com,Female,166.223.30.152
Aleksandr,Brocks,abrocks59@usda.gov,Male,76.123.166.182
Elora,Edkins,eedkins5a@cargocollective.com,Female,185.215.23.71
Cybil,Egarr,cegarr5b@toplist.cz,Female,142.72.67.23
Sharleen,Grinaugh,sgrinaugh5c@instagram.com,Female,20.43.234.224
Annnora,Huguet,ahuguet5d@opera.com,Female,166.151.178.217
Orrin,Anstice,oanstice5e@narod.ru,Male,150.68.92.13
Palmer,Lorryman,plorryman5f@ovh.net,Male,68.30.19.178
Clemente,Tarborn,ctarborn5g@storify.com,Male,33.88.42.244
Irv,Donnett,idonnett5h@ask.com,Male,158.19.92.183
Morgen,Paxforde,mpaxforde5i@gizmodo.com,Female,252.206.155.236
Brigham,Troke,btroke5j@nasa.gov,Male,4.222.188.112
Monte,Joder,mjoder5k@123-reg.co.uk,Male,147.65.107.116
Bell,Ffoulkes,bffoulkes5l@hexun.com,Female,187.244.182.202
Drugi,Della Scala,ddellascala5m@phoca.cz,Bigender,78.192.193.200
Elihu,Mattke,emattke5n@example.com,Male,198.241.61.20
Jackie,Greenhead,jgreenhead5o@symantec.com,Male,55.135.143.252
Andrea,Appleford,aappleford5p@wiley.com,Female,173.180.112.203
Thelma,Louys,tlouys5q@joomla.org,Female,143.152.219.26
Mercy,Stapele,mstapele5r@mac.com,Female,37.220.45.69
Elia,Puckring,epuckring5s@dyndns.org,Male,63.121.109.14
Daveen,Dowdeswell,ddowdeswell5t@imgur.com,Female,109.90.222.12
Sidney,Simnel,ssimnel5u@about.com,Male,69.147.99.158
Timi,Harte,tharte5v@eventbrite.com,Female,98.203.221.70
Jamal,Perazzo,jperazzo5w@ovh.net,Male,86.143.173.14
Cathie,Markl,cmarkl5x@1688.com,Genderfluid,85.151.65.65
Nell,Duley,nduley5y@va.gov,Female,31.176.130.72
Rube,Bedell,rbedell5z@myspace.com,Male,9.143.0.79
Felice,McComiskie,fmccomiskie60@gravatar.com,Female,6.11.17.98
Isac,Detheridge,idetheridge61@google.pl,Male,6.154.51.82
Phoebe,Cogger,pcogger62@bloglines.com,Female,224.68.160.215
Julianne,Hasley,jhasley63@mapy.cz,Female,44.253.76.184
Tyler,Rasch,trasch64@dropbox.com,Male,48.255.97.170
Marylinda,Mizzi,mmizzi65@goo.gl,Female,86.153.66.166
Gauthier,Avrahamoff,gavrahamoff66@sogou.com,Male,238.255.233.62
Bartlet,Geaveny,bgeaveny67@xing.com,Male,171.22.219.35
Dinnie,Bridel,dbridel68@sun.com,Genderqueer,23.181.55.236
Buddy,Gashion,bgashion69@earthlink.net,Polygender,122.170.243.31
Quint,Laughton,qlaughton6a@bigcartel.com,Male,245.193.33.118
Romy,Joesbury,rjoesbury6b@xrea.com,Female,79.162.21.62
Rhetta,Shalliker,rshalliker6c@slideshare.net,Female,192.1.82.44
Cordelie,Ygoe,cygoe6d@sourceforge.net,Female,78.223.187.226
Lauralee,Outibridge,loutibridge6e@ameblo.jp,Female,67.187.242.152
Naomi,Rigate,nrigate6f@ustream.tv,Female,255.170.243.164
Austina,Izatt,aizatt6g@pbs.org,Female,163.227.153.247
Friedrich,Aspital,faspital6h@indiegogo.com,Male,184.38.198.124
Wyatt,Kemmer,wkemmer6i@cbsnews.com,Male,3.23.126.236
Waldon,Healy,whealy6j@baidu.com,Male,236.77.3.97
Baron,Shearsby,bshearsby6k@t-online.de,Male,221.198.100.119
Bryna,Elan,belan6l@creativecommons.org,Female,0.106.184.61
Benedetta,Seine,bseine6m@flavors.me,Female,68.244.22.51
Lucius,Colloby,lcolloby6n@yahoo.com,Male,193.12.156.222
Jaquelyn,Guidelli,jguidelli6o@cargocollective.com,Female,150.74.130.57
Rustin,McIlvenny,rmcilvenny6p@google.ca,Male,116.193.47.104
Gardy,Cathersides,gcathersides6q@google.com.hk,Male,75.80.130.139
Phip,Berthot,pberthot6r@ovh.net,Male,234.94.244.12
Morgen,Shevlan,mshevlan6s@icq.com,Female,8.23.20.154
Grata,Picford,gpicford6t@ezinearticles.com,Female,68.44.10.184
Ben,Coon,bcoon6u@cyberchimps.com,Male,214.16.136.222
Dannie,O'Roan,doroan6v@guardian.co.uk,Male,137.222.164.39
Correy,Winterton,cwinterton6w@squidoo.com,Male,112.79.169.235
Brantley,Corriea,bcorriea6x@php.net,Male,109.249.37.210
Shaylynn,Messer,smesser6y@tmall.com,Female,52.64.32.64
Ida,Bromidge,ibromidge6z@state.tx.us,Female,83.14.194.181
Harlen,Todarini,htodarini70@bbb.org,Male,205.106.225.237
Thaine,Fishbourne,tfishbourne71@sciencedirect.com,Male,0.26.123.196
Brad,Dunham,bdunham72@hugedomains.com,Male,133.74.29.166
Gearard,Klainman,gklainman73@123-reg.co.uk,Male,19.87.24.129
Judye,Pritty,jpritty74@latimes.com,Female,229.112.141.186
Arabela,Whelband,awhelband75@nih.gov,Female,206.233.189.116
Georgette,Gauden,ggauden76@ustream.tv,Agender,236.200.140.12
Dexter,Clericoates,dclericoates77@apache.org,Male,101.135.200.164
Bastien,Gauld,bgauld78@prweb.com,Male,58.91.166.44
Melvin,McLarnon,mmclarnon79@163.com,Male,157.240.224.89
Julianna,Coda,jcoda7a@berkeley.edu,Female,124.219.150.146
Linus,Loude,lloude7b@icio.us,Male,171.8.164.2
Sheppard,Terbrug,sterbrug7c@senate.gov,Male,57.6.210.194
Heddie,Juste,hjuste7d@blogger.com,Bigender,53.133.147.226
Hy,Lathaye,hlathaye7e@wikispaces.com,Male,132.63.57.251
Tami,Pietroni,tpietroni7f@gnu.org,Bigender,80.226.225.149
Minta,Erricker,merricker7g@feedburner.com,Female,199.30.40.165
Roseline,Bottrell,rbottrell7h@jiathis.com,Polygender,79.224.143.108
Mirelle,Stenson,mstenson7i@nationalgeographic.com,Female,171.169.201.149
Peri,Oppy,poppy7j@umn.edu,Female,118.206.150.101
Car,Oxbrough,coxbrough7k@google.com.hk,Male,210.49.220.25
Chalmers,Syne,csyne7l@army.mil,Male,229.188.30.208
Leia,Pashenkov,lpashenkov7m@cnn.com,Female,99.99.53.206
Arabella,Simmonds,asimmonds7n@furl.net,Female,7.150.10.116
Rhona,Van Dale,rvandale7o@springer.com,Female,54.232.112.242
Priscella,Cottom,pcottom7p@columbia.edu,Female,209.2.145.235
Verney,Van Halen,vvanhalen7q@kickstarter.com,Male,104.191.178.188
Onfre,Aslett,oaslett7r@pinterest.com,Male,86.24.58.72
Guglielmo,Caudell,gcaudell7s@ucsd.edu,Male,71.2.213.99
Arney,Chaplain,achaplain7t@pinterest.com,Male,223.225.247.112
Farrell,Enticott,fenticott7u@senate.gov,Male,177.194.162.164
Holmes,Peller,hpeller7v@seattletimes.com,Male,58.227.36.12
Nickey,Mileham,nmileham7w@ucoz.ru,Male,31.9.130.222
Bessie,Kerin,bkerin7x@weibo.com,Female,146.200.68.218
Welby,Portigall,wportigall7y@unc.edu,Male,157.90.116.180
Harris,Frede,hfrede7z@cbc.ca,Male,20.219.233.20
Yolanthe,Shaefer,yshaefer80@nature.com,Female,118.244.138.38
Rockey,McCollum,rmccollum81@vinaora.com,Male,210.219.143.170
Adelbert,Raggett,araggett82@usda.gov,Male,185.179.34.108
Wolfie,Cattle,wcattle83@macromedia.com,Male,177.189.89.53
Keane,Gauntlett,kgauntlett84@ycombinator.com,Male,198.227.123.108
Missie,Cheek,mcheek85@icq.com,Female,228.253.248.81
Dominique,Wheildon,dwheildon86@chicagotribune.com,Male,27.4.113.177
Stefan,MacCarter,smaccarter87@cmu.edu,Male,252.97.86.158
Mitzi,Yesipov,myesipov88@sitemeter.com,Female,51.133.90.216
Clemmy,Spurdens,cspurdens89@hhs.gov,Female,244.167.189.47
Porter,Berzins,pberzins8a@infoseek.co.jp,Male,95.146.119.110
Reinwald,Bedenham,rbedenham8b@biglobe.ne.jp,Male,229.220.194.52
Kristofor,Axtell,kaxtell8c@npr.org,Male,44.182.74.72
Efrem,Smythin,esmythin8d@earthlink.net,Male,109.190.116.4
Abbye,Flement,aflement8e@berkeley.edu,Female,149.134.163.230
Barris,Duncombe,bduncombe8f@trellian.com,Genderqueer,32.139.32.25
Burke,Wringe,bwringe8g@paginegialle.it,Male,179.239.75.8
Matty,Kores,mkores8h@pcworld.com,Genderfluid,193.109.72.239
Maurizio,Johnke,mjohnke8i@lulu.com,Bigender,2.38.154.73
Horatio,Gentry,hgentry8j@addtoany.com,Polygender,238.102.190.46
Giraud,Dougary,gdougary8k@home.pl,Male,145.111.78.58
Estevan,Dealtry,edealtry8l@go.com,Male,62.28.205.192
Patrice,Govini,pgovini8m@va.gov,Female,94.212.125.53
Justin,Brazear,jbrazear8n@cisco.com,Male,181.206.45.33
Daniela,Darbyshire,ddarbyshire8o@bing.com,Female,85.203.123.46
Byrom,Clayson,bclayson8p@harvard.edu,Male,111.184.19.43
Alexandra,Giacoboni,agiacoboni8q@upenn.edu,Female,163.195.171.69
Meir,Orgen,morgen8r@barnesandnoble.com,Male,148.180.76.67
Niccolo,Obispo,nobispo8s@ehow.com,Male,18.211.77.108
Katuscha,Piggin,kpiggin8t@google.com,Female,50.168.231.233
Kirstyn,Maddaford,kmaddaford8u@yellowbook.com,Female,226.26.19.116
Erie,Brimman,ebrimman8v@sciencedirect.com,Male,77.170.132.248
Simone,Zanini,szanini8w@theglobeandmail.com,Female,212.221.208.63
Stephannie,Barnwall,sbarnwall8x@canalblog.com,Female,196.102.73.113
Joyous,Duguid,jduguid8y@biglobe.ne.jp,Female,193.89.149.108
Eartha,Caswill,ecaswill8z@yahoo.com,Female,8.178.221.168
Nataniel,Laroux,nlaroux90@dion.ne.jp,Male,58.84.226.166
Electra,McKelvey,emckelvey91@over-blog.com,Female,179.195.53.43
My,Easum,measum92@ted.com,Male,130.208.140.211
Olly,Klimshuk,oklimshuk93@mtv.com,Female,171.140.188.228
Luelle,Landes,llandes94@hhs.gov,Female,175.224.167.205
Roxanna,Just,rjust95@wikia.com,Female,228.214.121.145
Garek,Toderbrugge,gtoderbrugge96@ucoz.com,Male,229.4.26.177
Gayla,Wasiel,gwasiel97@guardian.co.uk,Female,18.67.132.245
Lem,Traher,ltraher98@shop-pro.jp,Male,60.225.71.40
Norton,Arnaudin,narnaudin99@jiathis.com,Male,111.238.118.244
Ailey,Mugford,amugford9a@angelfire.com,Female,188.52.69.107
Donelle,Stubbert,dstubbert9b@stumbleupon.com,Female,146.170.74.103
Carree,Gronou,cgronou9c@e-recht24.de,Female,214.245.103.174
Dorian,Coslett,dcoslett9d@360.cn,Female,125.63.63.30
Bellanca,Ruddick,bruddick9e@ebay.co.uk,Female,172.150.198.249
Elisabetta,Moorman,emoorman9f@vimeo.com,Female,137.97.39.168
Inigo,Woan,iwoan9g@friendfeed.com,Male,42.27.63.80
Loella,Harnes,lharnes9h@yahoo.com,Female,10.72.152.102
Marion,Sharphouse,msharphouse9i@google.de,Male,156.203.38.38
Milo,Gruszecki,mgruszecki9j@multiply.com,Male,49.21.113.134
Letizia,Lindsey,llindsey9k@wp.com,Female,235.215.94.155
Joanna,Caddock,jcaddock9l@arizona.edu,Genderqueer,11.111.152.178
Raimundo,Jentin,rjentin9m@mac.com,Male,78.178.210.73
Muffin,Gummie,mgummie9n@jigsy.com,Genderqueer,145.246.209.63
Derrick,Forrestill,dforrestill9o@europa.eu,Male,99.237.51.242
Lauri,Ohrt,lohrt9p@1688.com,Female,223.252.175.248
Kaycee,Cottle,kcottle9q@phpbb.com,Female,62.209.246.201
Cecilius,Kyd,ckyd9r@ifeng.com,Male,17.127.103.191
Corri,Skokoe,cskokoe9s@thetimes.co.uk,Female,213.171.162.136
Nevile,Case,ncase9t@sbwire.com,Male,32.218.98.220
Sofia,Marsters,smarsters9u@samsung.com,Female,167.209.138.197
Izaak,Tumbridge,itumbridge9v@sfgate.com,Male,82.180.137.7
Barney,Rosiello,brosiello9w@deliciousdays.com,Male,151.198.46.245
Alana,Fibbens,afibbens9x@cornell.edu,Female,212.216.128.42
Thorny,Odney,todney9y@exblog.jp,Male,32.134.247.41
Roxanna,Pickerell,rpickerell9z@va.gov,Female,218.190.248.247
Tessie,Bohlsen,tbohlsena0@imgur.com,Female,178.184.2.64
Conan,Lander,clandera1@goo.ne.jp,Male,69.161.11.167
Northrop,Mc Corley,nmccorleya2@census.gov,Male,247.50.216.176
Curt,Santon,csantona3@networksolutions.com,Male,1.64.87.184
Ase,Gennrich,agennricha4@salon.com,Male,179.191.18.50
Giralda,Coursor,gcoursora5@nhs.uk,Female,134.227.158.40
Kass,Jacobbe,kjacobbea6@dagondesign.com,Female,144.242.176.212
Allissa,Francello,afrancelloa7@prlog.org,Female,201.18.49.172
Towney,Taplin,ttaplina8@tripod.com,Male,211.130.29.113
Eugenie,Nichol,enichola9@amazon.co.uk,Female,207.28.205.58
Avril,Treuge,atreugeaa@hc360.com,Female,158.226.235.237
Frannie,Pritchard,fpritchardab@artisteer.com,Female,95.105.64.251
Elisha,Malyan,emalyanac@i2i.jp,Male,200.242.9.150
Elana,Marchelli,emarchelliad@answers.com,Female,3.24.240.164
Pier,Cecchi,pcecchiae@webmd.com,Female,104.11.58.56
Adamo,Checchi,achecchiaf@cbslocal.com,Male,118.149.226.169
Dun,Waywell,dwaywellag@reverbnation.com,Male,1.36.250.113
Ottilie,Spadelli,ospadelliah@studiopress.com,Female,6.85.96.68
Winnah,Kenryd,wkenrydai@disqus.com,Female,189.122.2.176
Isak,Test,itestaj@tinypic.com,Male,48.206.91.141
Kennedy,Sawday,ksawdayak@cargocollective.com,Male,197.208.80.64
Marjorie,Dowry,mdowryal@eventbrite.com,Female,247.150.71.39
Moses,Melluish,mmelluisham@cmu.edu,Male,246.201.130.59
Micah,Cramond,mcramondan@phoca.cz,Male,167.203.187.54
Jillene,Postans,jpostansao@census.gov,Female,120.173.225.228
Adoree,Scholes,ascholesap@hexun.com,Female,120.31.29.226
Ruddy,Olivazzi,rolivazziaq@ca.gov,Male,102.251.44.123
Rab,Matyushkin,rmatyushkinar@theatlantic.com,Male,172.230.21.91
Keefe,Adlam,kadlamas@clickbank.net,Male,129.41.18.138
Alberta,Watford,awatfordat@sina.com.cn,Female,51.13.198.154
Ram,Hanratty,rhanrattyau@mapquest.com,Male,121.30.236.178
Adoree,Speedin,aspeedinav@artisteer.com,Female,66.132.21.145
Gerald,Woolis,gwoolisaw@ycombinator.com,Male,70.219.228.146
Verla,Huffa,vhuffaax@chicagotribune.com,Female,170.201.199.62
Trumann,Snooks,tsnooksay@home.pl,Bigender,189.103.42.249
Jasper,Spelwood,jspelwoodaz@vinaora.com,Male,8.168.185.106
Boy,Hanbury,bhanburyb0@google.ru,Genderfluid,90.171.69.176
Hillary,Straun,hstraunb1@eepurl.com,Female,150.164.237.0
Rawley,Alsford,ralsfordb2@github.com,Male,215.220.33.185
Prentice,Lenaghen,plenaghenb3@biglobe.ne.jp,Male,29.27.232.96
Ruth,Korneluk,rkornelukb4@bing.com,Female,92.83.7.104
Abigail,Willgoose,awillgooseb5@goodreads.com,Female,252.82.212.78
Ketti,Feaks,kfeaksb6@oracle.com,Female,72.158.77.10
Mack,Mitchel,mmitchelb7@buzzfeed.com,Male,137.240.129.36
Bev,Jeacop,bjeacopb8@ning.com,Male,26.125.68.190
Ray,Lewerenz,rlewerenzb9@mozilla.org,Female,180.69.95.11
Wallace,A'field,wafieldba@google.cn,Male,107.142.245.253
Stoddard,Baford,sbafordbb@123-reg.co.uk,Female,63.121.65.5
Abram,Winterflood,awinterfloodbc@sourceforge.net,Male,133.202.220.51
Barth,Patzelt,bpatzeltbd@bravesites.com,Male,183.130.194.194
Perle,Shotter,pshotterbe@vimeo.com,Female,236.159.248.51
Lorianne,Foldes,lfoldesbf@freewebs.com,Female,132.110.148.44
Darlleen,Clutterham,dclutterhambg@chicagotribune.com,Female,212.59.11.93
Carolan,Geke,cgekebh@soup.io,Female,1.26.249.48
Crysta,Corneil,ccorneilbi@liveinternet.ru,Female,171.63.82.3
Wilburt,Loney,wloneybj@abc.net.au,Male,143.212.83.163
Hedvige,Harbard,hharbardbk@army.mil,Female,109.65.107.35
Ruthann,Hain,rhainbl@nsw.gov.au,Polygender,106.149.26.234
Benedetto,Wesker,bweskerbm@dot.gov,Male,86.22.222.128
Tiertza,Ebdon,tebdonbn@weibo.com,Female,246.5.78.13
Finn,Cavaney,fcavaneybo@deviantart.com,Male,216.71.164.217
Marlee,Challenor,mchallenorbp@oakley.com,Female,93.253.247.117
Errick,Basile,ebasilebq@scribd.com,Male,189.204.106.204
Tamarah,Hawkin,thawkinbr@cpanel.net,Female,67.112.80.175
Marigold,Bloodworthe,mbloodworthebs@w3.org,Female,31.126.254.125
Claudio,Nesbeth,cnesbethbt@indiegogo.com,Male,151.132.207.190
Raf,Ugoletti,rugolettibu@jalbum.net,Female,184.200.240.86
Lynnette,Wharby,lwharbybv@last.fm,Bigender,30.111.217.153
Derward,Esome,desomebw@fotki.com,Male,97.111.135.138
Reube,Durram,rdurrambx@wikia.com,Male,207.144.176.0
Manda,Grocutt,mgrocuttby@sphinn.com,Female,36.8.100.152
Nata,Potbury,npotburybz@360.cn,Female,5.81.85.54
Bink,Seage,bseagec0@disqus.com,Male,24.114.239.111
Craggie,Toe,ctoec1@parallels.com,Male,159.97.106.198
Ethelbert,Mockes,emockesc2@apache.org,Male,20.200.121.159
Cyndi,Shrubshall,cshrubshallc3@booking.com,Female,58.240.155.5
Terri,Britian,tbritianc4@yellowpages.com,Male,88.108.74.43
Arthur,Wilber,awilberc5@ustream.tv,Male,246.147.41.160
Mendy,MacDonagh,mmacdonaghc6@jugem.jp,Male,27.11.86.90
Shaine,Moakes,smoakesc7@bbc.co.uk,Female,34.253.208.31
Gil,Kores,gkoresc8@ovh.net,Male,77.140.52.113
Dru,Woolgar,dwoolgarc9@baidu.com,Female,235.225.171.20
Francisco,Herche,fhercheca@army.mil,Male,114.52.113.172
Ortensia,Quinell,oquinellcb@fema.gov,Female,150.143.62.11
Dianemarie,Wenderott,dwenderottcc@alexa.com,Female,125.19.226.114
Towny,Leathwood,tleathwoodcd@squarespace.com,Male,34.220.250.228
Frederigo,Fink,ffinkce@goo.ne.jp,Male,154.245.230.110
Spencer,Fockes,sfockescf@cnn.com,Male,130.66.104.177
Neila,Skipsea,nskipseacg@samsung.com,Female,125.73.245.237
Johan,Birkin,jbirkinch@hubpages.com,Male,174.163.78.231
Javier,Carreyette,jcarreyetteci@psu.edu,Male,45.249.135.242
Miller,Grewe,mgrewecj@devhub.com,Male,120.65.141.70
Jan,Rohlf,jrohlfck@miibeian.gov.cn,Male,7.186.145.148
Torey,Garrique,tgarriquecl@newsvine.com,Female,71.133.142.139
Gates,Micheu,gmicheucm@blogs.com,Female,244.70.109.166
Genni,McGoldrick,gmcgoldrickcn@parallels.com,Female,176.153.112.88
Rosanne,Rumsby,rrumsbyco@answers.com,Female,166.173.129.154
Putnem,Gueste,pguestecp@sphinn.com,Male,30.161.241.116
Mireielle,Storck,mstorckcq@t.co,Female,108.114.66.178
Katuscha,Kobes,kkobescr@senate.gov,Female,139.208.84.63
Davide,Pischoff,dpischoffcs@cmu.edu,Male,39.115.176.201
Bobette,Kings,bkingsct@cocolog-nifty.com,Polygender,29.120.208.222
Karee,Simic,ksimiccu@mail.ru,Female,115.16.87.251
Bendicty,Jorry,bjorrycv@cargocollective.com,Male,17.85.202.192
Xenos,Schubart,xschubartcw@seattletimes.com,Male,11.215.250.241
Arri,Pleass,apleasscx@earthlink.net,Male,134.25.93.222
Anissa,Semmens,asemmenscy@dmoz.org,Female,135.92.169.150
Amby,Ingle,ainglecz@scribd.com,Male,249.158.128.213
Cam,Blodgetts,cblodgettsd0@imgur.com,Male,161.141.146.6
Lenci,Brognot,lbrognotd1@buzzfeed.com,Male,41.220.195.225
Randall,Dalgardno,rdalgardnod2@cbslocal.com,Male,12.186.139.250
Reider,Younge,ryounged3@cornell.edu,Male,141.170.147.178
Merry,Vigars,mvigarsd4@berkeley.edu,Female,190.221.52.136
Brittan,Bennitt,bbennittd5@time.com,Female,168.84.4.177
Lindon,McMychem,lmcmychemd6@angelfire.com,Male,101.143.95.91
Edwina,Swepstone,eswepstoned7@123-reg.co.uk,Female,78.78.77.104
Opalina,Iohananof,oiohananofd8@xing.com,Female,91.194.59.94
Dianne,Tonkinson,dtonkinsond9@youtu.be,Female,157.99.48.240
Brantley,Vitte,bvitteda@weebly.com,Male,240.151.209.220
Erinna,Westpfel,ewestpfeldb@cdbaby.com,Female,121.15.186.100
Paddie,Luciani,plucianidc@ebay.com,Male,137.192.169.184
Gerald,Woodhead,gwoodheaddd@paypal.com,Genderfluid,165.178.18.78
Ilse,Anwyl,ianwylde@nhs.uk,Female,218.21.175.246
Giacopo,Bellingham,gbellinghamdf@google.co.uk,Male,168.224.10.69
Lindon,Lettley,llettleydg@diigo.com,Male,241.119.247.255
Huey,Greally,hgreallydh@homestead.com,Male,109.56.41.234
Cindra,Dalston,cdalstondi@acquirethisname.com,Female,2.183.184.92
Buffy,Shemwell,bshemwelldj@tripod.com,Female,209.154.130.205
Cynde,Newcombe,cnewcombedk@elegantthemes.com,Female,253.98.185.247
Rolland,Raccio,rracciodl@dyndns.org,Male,168.231.121.72
Aurel,Francioli,afranciolidm@goo.ne.jp,Female,231.86.188.194
Charleen,Reffe,creffedn@yahoo.co.jp,Female,40.18.203.250
Phillipp,Lambertazzi,plambertazzido@hhs.gov,Male,32.179.92.69
Garrick,Lyosik,glyosikdp@nifty.com,Male,192.108.62.236
Fleming,Lowrey,flowreydq@samsung.com,Male,152.41.113.184
Gaylord,Grinikhin,ggrinikhindr@shop-pro.jp,Male,240.241.187.11
Sile,Klement,sklementds@engadget.com,Polygender,192.212.177.70
Germain,McKomb,gmckombdt@apache.org,Female,12.149.143.73
Melisandra,Ingle,mingledu@walmart.com,Female,194.30.210.92
Currie,Braunes,cbraunesdv@soup.io,Male,237.199.146.122
Berkley,Westcott,bwestcottdw@joomla.org,Male,225.175.242.41
Dorisa,Girodias,dgirodiasdx@unesco.org,Female,33.237.1.249
Sergio,Knappitt,sknappittdy@lulu.com,Male,68.225.29.117
Conan,Roper,croperdz@chronoengine.com,Male,25.118.72.206
Adamo,Raybould,arayboulde0@amazon.co.jp,Male,241.203.120.193
Rene,Aspinwall,raspinwalle1@feedburner.com,Female,230.202.215.106
Kayle,Fayter,kfaytere2@redcross.org,Female,232.0.148.100
Sutherland,Ferrai,sferraie3@deliciousdays.com,Male,148.235.141.10
Town,Dampier,tdampiere4@histats.com,Male,182.156.76.139
Janel,Sharer,jsharere5@kickstarter.com,Female,167.128.182.206
Boyd,Thombleson,bthomblesone6@cnn.com,Male,141.211.50.224
Kerk,Pittway,kpittwaye7@engadget.com,Male,43.236.49.88
Ethan,Hessenthaler,ehessenthalere8@feedburner.com,Male,90.224.29.216
Michal,Todarello,mtodarelloe9@un.org,Male,164.91.12.250
Tedmund,Willcock,twillcockea@example.com,Male,11.234.172.98
Delbert,Armand,darmandeb@biglobe.ne.jp,Male,152.170.27.226
Adlai,Syseland,asyselandec@google.ru,Male,95.37.57.21
Debi,Gehricke,dgehrickeed@symantec.com,Female,145.77.124.33
Rees,Backsal,rbacksalee@twitpic.com,Male,0.199.151.114
Marcela,Fall,mfallef@house.gov,Non-binary,168.83.80.41
Thorn,Scamwell,tscamwelleg@lycos.com,Male,163.81.120.4
Roberto,Speeding,rspeedingeh@seattletimes.com,Male,94.59.195.196
Nona,Guerrieri,nguerrieriei@ed.gov,Female,186.134.246.63
Marlowe,Marzele,mmarzeleej@instagram.com,Male,253.251.226.143
Dorthea,Bahls,dbahlsek@nbcnews.com,Female,161.111.196.159
Kerstin,Warin,kwarinel@meetup.com,Female,106.176.198.116
Shayne,Flute,sfluteem@businessweek.com,Female,21.86.10.186
Selinda,Patters,spattersen@ycombinator.com,Female,205.162.92.117
Lorry,Benedetti,lbenedettieo@gmpg.org,Polygender,226.21.207.171
Dosi,Simonard,dsimonardep@cargocollective.com,Female,13.253.142.187
Fredelia,Antcliff,fantcliffeq@fastcompany.com,Female,121.230.67.17
Johannes,Alliband,jallibander@tmall.com,Male,74.69.189.8
Chico,Headey,cheadeyes@jalbum.net,Male,182.236.210.238
Ange,Duchesne,aduchesneet@whitehouse.gov,Female,184.68.6.108
Bax,Martinot,bmartinoteu@washingtonpost.com,Male,174.103.127.135
Romonda,Caddie,rcaddieev@hhs.gov,Female,194.156.118.81
Brett,Terrans,bterransew@columbia.edu,Male,238.110.220.9
Beryl,Darridon,bdarridonex@sogou.com,Female,164.142.138.125
Mahmud,Connah,mconnahey@networkadvertising.org,Bigender,148.60.14.115
Cherise,Spottswood,cspottswoodez@123-reg.co.uk,Female,120.178.20.229
Maridel,Blackeby,mblackebyf0@jalbum.net,Female,63.35.170.202
Bo,Arkow,barkowf1@google.com.hk,Male,8.127.62.138
Basilio,Brodhead,bbrodheadf2@addthis.com,Genderqueer,215.235.126.82
Nicky,Dobbin,ndobbinf3@last.fm,Male,45.110.98.13
Harrie,Halliburton,hhalliburtonf4@businessweek.com,Female,202.87.180.250
Leyla,Twizell,ltwizellf5@ed.gov,Female,5.35.178.149
Ewell,Sate,esatef6@howstuffworks.com,Male,135.94.178.162
Gregorius,Lyness,glynessf7@facebook.com,Male,173.135.176.138
Ferdinanda,Dillicate,fdillicatef8@ovh.net,Female,28.207.125.76
Camila,Bettleson,cbettlesonf9@icq.com,Female,192.97.7.72
Domenic,Stranks,dstranksfa@mysql.com,Male,194.225.140.4
Gardner,McCerery,gmccereryfb@posterous.com,Male,57.239.31.90
Delly,Brisseau,dbrisseaufc@imageshack.us,Female,24.97.232.246
Darbee,McCollum,dmccollumfd@virginia.edu,Male,15.26.75.115
Colene,Streather,cstreatherfe@go.com,Female,122.230.25.119
Melita,Denisovich,mdenisovichff@amazon.co.uk,Female,182.62.109.205
Lise,Kolin,lkolinfg@businesswire.com,Female,217.66.196.253
Tabor,De Gouy,tdegouyfh@ca.gov,Male,27.144.91.212
Armstrong,Angerstein,aangersteinfi@wikimedia.org,Male,51.70.150.77
Donovan,Tuckie,dtuckiefj@wordpress.com,Male,31.162.95.145
Lazar,Hiscoe,lhiscoefk@pagesperso-orange.fr,Male,49.46.59.206
Ninnetta,Mitchener,nmitchenerfl@accuweather.com,Female,27.254.213.159
Raoul,MacVanamy,rmacvanamyfm@google.fr,Male,62.62.90.222
Gannon,Aindriu,gaindriufn@pen.io,Male,163.43.129.218
Cathrin,Tidder,ctidderfo@nasa.gov,Female,31.124.115.16
Leonardo,Beavan,lbeavanfp@purevolume.com,Male,239.159.232.165
Fancy,Shuard,fshuardfq@qq.com,Female,52.205.215.22
Chico,Divine,cdivinefr@netvibes.com,Non-binary,158.242.130.93
Melba,Collins,mcollinsfs@behance.net,Female,31.136.243.242
Kari,Riglesford,kriglesfordft@nytimes.com,Female,87.4.246.58
Gussi,Allsobrook,gallsobrookfu@xinhuanet.com,Female,98.135.215.26
Abran,Spata,aspatafv@aol.com,Male,57.113.194.12
Matthaeus,Dakhno,mdakhnofw@umich.edu,Male,142.195.15.9
Drusi,Lumby,dlumbyfx@thetimes.co.uk,Female,244.235.152.206
Karlik,Janodet,kjanodetfy@twitter.com,Male,38.89.209.141
Corenda,Byrch,cbyrchfz@mac.com,Non-binary,50.79.14.202
Rosalie,Rontree,rrontreeg0@mayoclinic.com,Female,83.202.21.111
Lisetta,Columbine,lcolumbineg1@google.com.au,Non-binary,88.174.129.172
Myrtie,Howse,mhowseg2@lulu.com,Female,116.5.127.20
Broderick,Meuse,bmeuseg3@tiny.cc,Male,163.127.138.115
Vidovic,Ashbrook,vashbrookg4@about.me,Male,53.142.3.132
Torey,Radwell,tradwellg5@wikipedia.org,Male,142.217.39.62
Dal,Barensky,dbarenskyg6@abc.net.au,Male,67.25.7.77
Irma,Ronchetti,ironchettig7@princeton.edu,Female,104.127.68.110
Clair,MacLardie,cmaclardieg8@twitpic.com,Male,4.137.223.197
Igor,Shermar,ishermarg9@gizmodo.com,Male,202.175.20.46
Etan,Courteney,ecourteneyga@state.gov,Male,145.187.55.113
Avrom,Boas,aboasgb@chronoengine.com,Male,23.5.119.212
Tallia,Tunnadine,ttunnadinegc@bing.com,Female,36.249.49.218
Sollie,Giovannini,sgiovanninigd@nationalgeographic.com,Male,210.215.117.250
Jaynell,Swindells,jswindellsge@godaddy.com,Female,249.58.9.133
Kellby,Vatini,kvatinigf@uiuc.edu,Male,185.109.251.142
Chancey,Blackshaw,cblackshawgg@people.com.cn,Male,207.67.72.153
Celestyna,Whotton,cwhottongh@cloudflare.com,Female,128.160.106.133
Nolie,Poyzer,npoyzergi@boston.com,Bigender,158.251.88.112
Audra,Woodfield,awoodfieldgj@baidu.com,Female,63.200.28.210
Lesli,Bakster,lbakstergk@psu.edu,Female,244.143.220.239
Caralie,Basketter,cbaskettergl@tripod.com,Female,61.9.29.225
Abran,Bertomier,abertomiergm@instagram.com,Male,236.111.81.226
Becky,Bemment,bbemmentgn@fastcompany.com,Female,109.56.7.121
Dev,Fereday,dferedaygo@kickstarter.com,Male,13.9.224.172
Ansel,Cowland,acowlandgp@over-blog.com,Male,135.3.6.212
Juliet,O'Crowley,jocrowleygq@mediafire.com,Female,63.174.206.63
Sherilyn,Farnaby,sfarnabygr@cbslocal.com,Female,84.152.82.116
Javier,Lewsam,jlewsamgs@mayoclinic.com,Male,176.1.136.108
Markos,Mathiassen,mmathiassengt@narod.ru,Male,95.49.195.108
Joan,Stringer,jstringergu@csmonitor.com,Female,158.12.87.17
Cloris,Trowel,ctrowelgv@earthlink.net,Female,33.61.225.27
Antonin,Glencross,aglencrossgw@yelp.com,Male,158.229.111.21
Nikola,Bosward,nboswardgx@geocities.com,Male,149.87.171.98
Clevey,Measey,cmeaseygy@lulu.com,Male,251.193.49.234
Liv,Perfitt,lperfittgz@tuttocitta.it,Female,136.156.75.195
Gregorio,Rosenwasser,grosenwasserh0@gizmodo.com,Male,43.116.134.35
Barby,Dunston,bdunstonh1@kickstarter.com,Female,8.101.33.15
Merlina,Weld,mweldh2@wikipedia.org,Genderfluid,33.176.185.86
Sutherlan,Mattersey,smatterseyh3@51.la,Male,235.140.188.107
Antonio,Chasmar,achasmarh4@etsy.com,Male,1.25.233.162
Drake,Linay,dlinayh5@europa.eu,Male,199.45.226.35
Chicky,Eusden,ceusdenh6@pinterest.com,Male,127.103.74.106
Serene,Barlie,sbarlieh7@ibm.com,Bigender,186.212.220.106
Pia,Lampitt,plampitth8@howstuffworks.com,Female,184.81.13.144
Ford,Sonier,fsonierh9@chronoengine.com,Male,235.4.178.206
Arvie,Bunker,abunkerha@xrea.com,Male,206.120.190.124
Garrard,Kleeman,gkleemanhb@earthlink.net,Male,17.17.213.240
Meris,Ianson,miansonhc@zimbio.com,Female,228.199.30.132
Yves,Glauber,yglauberhd@omniture.com,Male,55.168.56.121
Phil,Olekhov,polekhovhe@digg.com,Female,154.0.45.61
Raine,Barrand,rbarrandhf@economist.com,Female,50.15.27.146
Randy,Fetherby,rfetherbyhg@example.com,Female,205.90.29.38
Tabb,Luchelli,tluchellihh@indiegogo.com,Male,142.204.161.242
Eveline,Wiggans,ewigganshi@google.ca,Female,141.135.82.226
Kasper,Pinshon,kpinshonhj@slate.com,Male,22.78.42.97
Rafael,Chese,rchesehk@businessinsider.com,Male,4.101.203.162
Kristine,Mugford,kmugfordhl@over-blog.com,Female,110.86.252.86
Rex,Roseveare,rrosevearehm@bluehost.com,Male,201.198.216.86
Abbot,Ronnay,aronnayhn@indiegogo.com,Male,7.37.123.235
Terrijo,Jorioz,tjoriozho@samsung.com,Female,98.162.126.108
Huntington,Farlam,hfarlamhp@xing.com,Male,209.198.239.163
Ermengarde,Garwill,egarwillhq@kickstarter.com,Female,223.134.28.71
Boycey,Weavers,bweavershr@jimdo.com,Male,227.107.114.148
Shayna,Cumes,scumeshs@ocn.ne.jp,Female,207.120.62.129
Rickie,Dimanche,rdimancheht@walmart.com,Male,108.196.220.182
Hussein,Casier,hcasierhu@disqus.com,Male,151.67.251.216
Tiena,Josland,tjoslandhv@google.it,Agender,213.16.109.111
Ted,Licas,tlicashw@free.fr,Female,153.98.30.173
Anton,Bazelle,abazellehx@tuttocitta.it,Genderfluid,25.33.70.107
Krystalle,Henker,khenkerhy@miitbeian.gov.cn,Female,156.213.14.131
Jemmy,Nagle,jnaglehz@huffingtonpost.com,Female,7.244.68.65
Danya,Duggan,dduggani0@icq.com,Male,228.16.111.190
Shelbi,Hardistry,shardistryi1@angelfire.com,Female,210.103.89.193
Woodie,Frankton,wfranktoni2@com.com,Male,7.44.55.133
Emmy,Bowsher,ebowsheri3@macromedia.com,Female,225.196.130.167
Brok,Ramme,brammei4@furl.net,Male,11.221.243.119
Carly,Tofful,ctoffuli5@weibo.com,Male,46.129.237.82
Genvieve,Coetzee,gcoetzeei6@xing.com,Female,160.113.35.45
Gertrud,Golds,ggoldsi7@pbs.org,Female,28.30.13.38
Jonathan,Dobney,jdobneyi8@fema.gov,Male,22.209.100.33
Talya,Dutteridge,tdutteridgei9@discovery.com,Genderqueer,19.19.143.56
Ripley,Romaines,rromainesia@msn.com,Male,184.150.93.156
Vin,Aisman,vaismanib@bigcartel.com,Non-binary,157.95.148.116
Chrisy,Mursell,cmursellic@boston.com,Male,177.253.211.211
Bekki,Sowrah,bsowrahid@ustream.tv,Female,57.120.180.207
Lane,Houston,lhoustonie@cisco.com,Male,122.79.19.242
Dayle,Shilladay,dshilladayif@parallels.com,Female,133.31.130.193
Kiley,Joiner,kjoinerig@apple.com,Male,172.89.215.182
Colin,Leggatt,cleggattih@ustream.tv,Male,215.166.80.219
Tisha,Yukhtin,tyukhtinii@boston.com,Female,67.218.179.114
Pacorro,Ivanets,pivanetsij@sogou.com,Male,35.130.106.215
Yolane,Skase,yskaseik@whitehouse.gov,Female,108.248.57.15
Cherin,Zumbusch,czumbuschil@ifeng.com,Female,23.195.90.246
Rozele,Roxburgh,rroxburghim@cnet.com,Female,93.190.208.176
Carlin,Hitzmann,chitzmannin@fc2.com,Female,75.157.40.18
Lew,Dullingham,ldullinghamio@mit.edu,Male,77.165.70.48
Letta,Voas,lvoasip@apache.org,Polygender,201.46.151.179
Sansone,Bromfield,sbromfieldiq@weebly.com,Male,156.109.52.21
Joanne,Britian,jbritianir@altervista.org,Female,65.224.222.225
Gerick,Josefsen,gjosefsenis@zdnet.com,Male,12.13.196.233
Tobey,Leneve,tleneveit@nps.gov,Female,63.77.61.22
Ninon,Beentjes,nbeentjesiu@nydailynews.com,Female,255.101.123.182
Thorndike,Crush,tcrushiv@yale.edu,Male,179.99.238.187
Mead,Laker,mlakeriw@fc2.com,Male,40.91.84.181
Kylynn,Cometto,kcomettoix@people.com.cn,Female,173.197.123.18
Willi,Willder,wwillderiy@typepad.com,Male,131.166.133.126
Nikoletta,Halversen,nhalverseniz@theguardian.com,Bigender,142.46.224.149
Lorrin,Treadger,ltreadgerj0@vimeo.com,Female,237.21.228.21
Lanni,Annis,lannisj1@opensource.org,Female,87.75.218.118
Maryanne,Enefer,meneferj2@cbsnews.com,Female,87.62.186.157
Jessika,Fresson,jfressonj3@sciencedaily.com,Female,91.118.223.43
Kiersten,Colvin,kcolvinj4@amazon.co.uk,Female,175.185.20.246
Lowrance,Hartley,lhartleyj5@topsy.com,Male,35.149.187.74
Towny,Dunton,tduntonj6@t-online.de,Male,126.19.147.230
Malinde,Osmar,mosmarj7@lycos.com,Female,78.135.11.100
Stacee,McIlhagga,smcilhaggaj8@uiuc.edu,Male,245.30.58.157
Vin,Birkmyre,vbirkmyrej9@1und1.de,Female,204.195.2.179
Cy,Dami,cdamija@imageshack.us,Male,145.231.189.177
Amity,Voden,avodenjb@about.me,Female,159.8.134.255
Clareta,Roskam,croskamjc@hao123.com,Female,103.23.118.230
Kristan,Arntzen,karntzenjd@bing.com,Female,224.50.216.202
Liam,Vennings,lvenningsje@nyu.edu,Male,55.198.42.145
Field,Brilon,fbrilonjf@auda.org.au,Male,240.90.59.67
Perren,Ccomini,pccominijg@about.com,Bigender,74.44.41.9
Amabel,Saltrese,asaltresejh@symantec.com,Female,117.102.205.245
Courtnay,Farlam,cfarlamji@wikimedia.org,Male,206.111.108.80
Eirena,Purchon,epurchonjj@amazon.co.jp,Female,10.243.245.151
Holmes,De Beneditti,hdebenedittijk@bbc.co.uk,Male,103.58.185.239
Nikola,Frenchum,nfrenchumjl@cdc.gov,Male,140.115.185.150
Aidan,Morrant,amorrantjm@about.com,Female,235.128.244.32
Cull,Wasselin,cwasselinjn@networkadvertising.org,Male,236.49.25.214
Evita,Burel,ebureljo@jigsy.com,Female,22.114.131.74
Wilone,Blackhall,wblackhalljp@bloglines.com,Female,45.18.14.226
Franciska,Varfalameev,fvarfalameevjq@4shared.com,Female,221.30.138.2
Sonnnie,Widdowes,swiddowesjr@hatena.ne.jp,Female,161.31.8.126
Rancell,Campos,rcamposjs@ask.com,Male,27.146.196.91
Bentley,Arundale,barundalejt@ibm.com,Male,115.99.138.192
Richie,Rodman,rrodmanju@princeton.edu,Male,132.248.153.114
Jackie,Weatherup,jweatherupjv@wikispaces.com,Male,24.127.118.20
Gypsy,Vigne,gvignejw@cocolog-nifty.com,Genderqueer,80.193.229.118
Tracie,Winch,twinchjx@woothemes.com,Female,246.180.26.50
Celisse,Ince,cincejy@drupal.org,Female,155.157.84.101
Shani,Sare,ssarejz@artisteer.com,Genderqueer,29.86.107.252
Maury,Rubens,mrubensk0@umich.edu,Male,38.110.250.180
Jessika,Cure,jcurek1@taobao.com,Female,124.224.129.110
Vernon,Markson,vmarksonk2@etsy.com,Male,49.210.188.88
Jasmin,Hatterslay,jhatterslayk3@yandex.ru,Female,143.200.128.55
Mikkel,Kemston,mkemstonk4@foxnews.com,Male,65.45.42.131
Frankie,Bream,fbreamk5@dailymotion.com,Male,163.233.232.48
Nert,Calverd,ncalverdk6@sciencedirect.com,Female,56.207.42.179
Dominic,Gritland,dgritlandk7@harvard.edu,Male,60.194.73.24
Greg,Adaway,gadawayk8@xinhuanet.com,Male,231.188.0.99
Aksel,Halleybone,ahalleybonek9@sina.com.cn,Male,211.9.26.125
Jayson,Perris,jperriska@yolasite.com,Male,155.231.31.155
Cleve,Corner,ccornerkb@youtube.com,Male,23.76.19.124
Beltran,Deaton,bdeatonkc@wikipedia.org,Male,45.104.96.148
Pip,Crumbleholme,pcrumbleholmekd@hostgator.com,Male,120.200.193.210
Maryanna,Laverenz,mlaverenzke@cyberchimps.com,Female,27.103.22.103
Ellery,Weich,eweichkf@ning.com,Male,174.208.196.103
Fan,Carbry,fcarbrykg@mail.ru,Female,194.89.23.190
Bartram,McElrath,bmcelrathkh@wordpress.org,Male,74.234.111.173
Brigitta,Vyse,bvyseki@surveymonkey.com,Female,65.233.79.30
Abel,Blakebrough,ablakebroughkj@posterous.com,Bigender,189.74.64.237
Antone,Fawcett,afawcettkk@google.com.br,Male,180.127.12.155
Mady,Bortolini,mbortolinikl@ftc.gov,Female,103.102.194.168
Hana,Stoneman,hstonemankm@ucoz.ru,Female,168.236.13.107
Ciro,Leverette,cleverettekn@angelfire.com,Male,211.208.153.56
Nolan,Gocher,ngocherko@privacy.gov.au,Male,173.137.195.96
Avictor,Ottley,aottleykp@gmpg.org,Male,190.158.106.169
Jamie,Fivey,jfiveykq@hud.gov,Female,92.213.193.71
Gaynor,Ivanov,givanovkr@java.com,Female,167.64.21.155
Isabel,Aynsley,iaynsleyks@examiner.com,Female,43.250.108.44
Nicol,Burnes,nburneskt@sogou.com,Genderqueer,174.178.32.202
Carole,Jelfs,cjelfsku@furl.net,Female,175.217.237.232
Ardyth,Lapre,alaprekv@liveinternet.ru,Female,137.229.105.249
Maury,Baber,mbaberkw@angelfire.com,Male,171.79.213.230
Leopold,Henrot,lhenrotkx@addtoany.com,Male,208.188.49.199
Maria,Bulward,mbulwardky@usnews.com,Female,215.147.64.24
Dinah,Kelf,dkelfkz@liveinternet.ru,Bigender,123.16.60.253
Horacio,Phinnessy,hphinnessyl0@jimdo.com,Male,21.119.10.227
Rene,Forde,rfordel1@github.io,Male,183.234.231.110
Car,Fradson,cfradsonl2@dell.com,Male,91.115.146.250
Shayna,Band,sbandl3@answers.com,Female,95.179.20.218
Lidia,Nyssens,lnyssensl4@liveinternet.ru,Female,104.6.234.239
Genia,Scotney,gscotneyl5@lycos.com,Female,251.161.18.93
Pamella,Schelle,pschellel6@ustream.tv,Female,58.37.172.250
Andi,Kinney,akinneyl7@dyndns.org,Female,168.245.78.175
Shela,Sima,ssimal8@chronoengine.com,Female,13.108.240.175
Audi,Durdy,adurdyl9@surveymonkey.com,Female,215.188.200.114
Scottie,McGinly,smcginlyla@opensource.org,Male,255.142.74.182
Shurwood,Le Count,slecountlb@upenn.edu,Male,69.202.12.238
Moritz,Balmer,mbalmerlc@unc.edu,Male,192.52.98.214
Andie,Linacre,alinacreld@fastcompany.com,Male,245.106.156.132
Maryanna,Grimsey,mgrimseyle@amazon.com,Female,98.233.134.161
Alard,Aiskrigg,aaiskrigglf@feedburner.com,Male,1.111.42.0
Tybi,Muzzi,tmuzzilg@histats.com,Female,17.196.123.173
Torrie,Luisetti,tluisettilh@virginia.edu,Polygender,126.100.205.175
Myrtle,Berrecloth,mberreclothli@house.gov,Female,63.195.99.17
Cull,Jewers,cjewerslj@google.nl,Male,99.72.160.64
Adolpho,Kellart,akellartlk@fastcompany.com,Male,118.202.108.8
Noella,Pauluzzi,npauluzzill@cnet.com,Female,91.231.209.147
Emlyn,Newham,enewhamlm@ehow.com,Genderqueer,95.88.68.144
Meggi,Nesbitt,mnesbittln@ocn.ne.jp,Female,18.81.236.150
Eleanor,Arnoldi,earnoldilo@1und1.de,Female,176.255.234.41
Allene,Kibbee,akibbeelp@omniture.com,Female,94.56.77.76
Meryl,Boays,mboayslq@surveymonkey.com,Female,7.93.17.33
Chas,Sollis,csollislr@cnbc.com,Male,93.37.79.178
Pearla,Bagge,pbaggels@addtoany.com,Female,164.167.129.48
Myrta,Hayto,mhaytolt@cmu.edu,Agender,155.200.16.201
Immanuel,Gerb,igerblu@about.me,Male,43.168.137.83
Eddy,Torrisi,etorrisilv@mlb.com,Male,58.104.255.20
Val,Buist,vbuistlw@w3.org,Male,188.9.242.109
Brockie,Gooding,bgoodinglx@hugedomains.com,Male,170.109.114.24
Brinna,Saddler,bsaddlerly@pcworld.com,Female,80.232.146.180
Mata,Drust,mdrustlz@nifty.com,Male,93.178.36.145
Pamelina,Ralston,pralstonm0@cbsnews.com,Female,193.7.211.158
Paloma,Greystoke,pgreystokem1@reddit.com,Female,160.252.238.75
Birch,Makiver,bmakiverm2@weebly.com,Male,255.1.13.158
Enoch,Flather,eflatherm3@privacy.gov.au,Male,173.224.25.238
Martainn,Simeonov,msimeonovm4@privacy.gov.au,Male,142.107.96.65
Coop,Scantlebury,cscantleburym5@psu.edu,Male,133.17.80.59
Rivi,Harvard,rharvardm6@uol.com.br,Female,122.174.59.92
Drona,Ottosen,dottosenm7@cisco.com,Bigender,31.148.212.152
Zacherie,Wainer,zwainerm8@apache.org,Male,171.187.43.116
Bron,Bruno,bbrunom9@barnesandnoble.com,Male,5.85.243.225
Lazaro,Torre,ltorrema@github.com,Male,89.105.2.51
Peggie,Krout,pkroutmb@ox.ac.uk,Female,40.107.216.181
Geno,Matson,gmatsonmc@gravatar.com,Male,168.51.41.127
Godiva,Keenlyside,gkeenlysidemd@instagram.com,Female,106.197.121.208
Rozalie,O'Cooney,rocooneyme@umich.edu,Female,109.61.31.179
Bethany,Piesing,bpiesingmf@drupal.org,Genderfluid,57.30.187.51
Deeanne,Vedyasov,dvedyasovmg@yale.edu,Female,205.190.202.160
Sigismund,Nisby,snisbymh@blogspot.com,Polygender,105.50.252.158
Althea,Chaffyn,achaffynmi@yellowpages.com,Female,203.46.196.229
Marybelle,MacGibbon,mmacgibbonmj@cdbaby.com,Female,33.30.194.211
Alyssa,Grunbaum,agrunbaummk@deliciousdays.com,Female,30.20.177.137
Reginald,Mulleary,rmullearyml@hibu.com,Male,61.206.223.73
Husain,Primo,hprimomm@dedecms.com,Polygender,66.67.221.112
Adolf,Benardette,abenardettemn@t-online.de,Male,175.178.39.33
Reamonn,Wanell,rwanellmo@baidu.com,Male,231.171.198.156
Dannel,Lean,dleanmp@qq.com,Male,215.127.60.7
Davina,Cadogan,dcadoganmq@slate.com,Female,102.238.122.239
Mendy,McClymond,mmcclymondmr@vinaora.com,Bigender,175.165.171.95
Hurleigh,Souch,hsouchms@soundcloud.com,Male,63.114.98.177
Hartwell,Hauck,hhauckmt@godaddy.com,Male,254.180.45.162
Don,Venditto,dvendittomu@biblegateway.com,Male,179.212.201.76
Laurie,Peert,lpeertmv@soundcloud.com,Female,119.15.80.41
Zilvia,Bellord,zbellordmw@cdbaby.com,Female,145.7.235.29
Velma,Heiton,vheitonmx@theatlantic.com,Female,248.77.19.37
Sela,Popelay,spopelaymy@cocolog-nifty.com,Female,73.16.88.52
Gaynor,Whetton,gwhettonmz@topsy.com,Female,244.215.161.5
Maynard,Siddons,msiddonsn0@csmonitor.com,Male,126.131.236.50
Lenci,Lough,lloughn1@instagram.com,Male,241.69.147.176
Allard,Cheater,acheatern2@businessinsider.com,Male,214.173.195.190
Reinhard,Martinetto,rmartinetton3@webnode.com,Male,201.131.130.30
Chelsae,Trowsdale,ctrowsdalen4@yellowbook.com,Female,68.150.131.195
Julie,Corpes,jcorpesn5@home.pl,Female,25.98.133.81
Lewiss,Greenroa,lgreenroan6@mtv.com,Male,42.1.240.37
Dur,Pidduck,dpidduckn7@parallels.com,Male,119.109.165.237
Ted,Cabrer,tcabrern8@ibm.com,Female,244.217.29.138
Nicolais,Sharples,nsharplesn9@sina.com.cn,Male,213.167.189.105
Haskell,Farlowe,hfarlowena@usa.gov,Male,47.158.190.18
Jany,Lamb,jlambnb@usgs.gov,Genderqueer,140.114.129.12
Carree,Hellens,chellensnc@mashable.com,Female,9.38.62.71
Adriane,Fairhead,afairheadnd@cafepress.com,Female,116.187.237.77
Otis,Gofforth,ogofforthne@com.com,Male,246.55.165.226
Joellyn,Pezey,jpezeynf@oakley.com,Female,9.152.180.2
Hayes,Aspital,haspitalng@discuz.net,Male,243.71.7.220
Leeland,Grunguer,lgrunguernh@webs.com,Male,157.125.225.132
Leeanne,Hickisson,lhickissonni@amazon.co.uk,Female,136.73.134.84
Thorstein,Collens,tcollensnj@biblegateway.com,Male,199.227.136.194
Fredric,Whatford,fwhatfordnk@nasa.gov,Male,199.159.140.47
Georg,Arnau,garnaunl@deviantart.com,Male,91.216.15.197
Alma,Schrinel,aschrinelnm@ucsd.edu,Female,173.38.146.151
Cynde,Kensington,ckensingtonnn@com.com,Female,232.35.32.230
Rani,Bourdis,rbourdisno@discuz.net,Female,0.65.243.214
Ezmeralda,Caherny,ecahernynp@sbwire.com,Female,36.102.68.12
Lazare,Walthall,lwalthallnq@slashdot.org,Male,208.139.88.144
Derwin,Harnott,dharnottnr@sourceforge.net,Male,16.188.166.87
Lay,Rough,lroughns@addthis.com,Male,204.141.139.241
Kippie,Hatton,khattonnt@exblog.jp,Male,203.235.108.174
Jayme,Habbergham,jhabberghamnu@a8.net,Male,26.116.100.96
Hope,Fellman,hfellmannv@google.cn,Female,202.156.150.133
Elbertine,Saltmarshe,esaltmarshenw@squarespace.com,Female,242.180.178.152
Dukey,Devenny,ddevennynx@princeton.edu,Male,48.81.240.112
Mattie,Soans,msoansny@europa.eu,Male,168.166.201.117
Britt,Preedy,bpreedynz@blogs.com,Female,88.102.227.164
Arlen,Treasaden,atreasadeno0@vistaprint.com,Male,132.9.132.123
Carey,Davidsson,cdavidssono1@tuttocitta.it,Female,149.30.91.174
Cleon,Tenaunt,ctenaunto2@zimbio.com,Genderfluid,216.156.105.162
Fernande,Reidshaw,freidshawo3@dion.ne.jp,Female,206.29.185.181
Jason,Van Halen,jvanhaleno4@bigcartel.com,Male,173.83.201.218
Gar,Scotchford,gscotchfordo5@cbc.ca,Male,151.13.141.237
Kayle,Bendik,kbendiko6@webmd.com,Female,239.80.238.17
Alan,Risborough,arisborougho7@woothemes.com,Male,155.214.149.167
Maurie,Parish,mparisho8@creativecommons.org,Male,192.76.187.190
Clevie,Davys,cdavyso9@rediff.com,Male,35.123.28.86
Lotta,Elsip,lelsipoa@t-online.de,Female,46.184.229.37
Kirbee,Syalvester,ksyalvesterob@loc.gov,Bigender,85.145.124.60
Raddy,Pragnall,rpragnalloc@tuttocitta.it,Male,250.116.54.24
Olvan,Maven,omavenod@alibaba.com,Male,119.223.108.207
Rodney,Ackers,rackersoe@google.com.au,Male,156.64.222.43
Claudine,McAloren,cmcalorenof@scribd.com,Female,154.88.230.181
Maurita,Etoile,metoileog@google.ru,Female,180.21.169.57
Iggy,Turmell,iturmelloh@livejournal.com,Male,84.16.86.44
Gannie,Rubberts,grubbertsoi@nationalgeographic.com,Male,220.195.17.150
Odille,Simoens,osimoensoj@wsj.com,Female,51.207.115.134
Drucy,Carletto,dcarlettook@digg.com,Female,87.245.192.113
Libbey,Sindell,lsindellol@ebay.com,Female,50.152.3.17
Trula,Udall,tudallom@time.com,Female,164.252.102.98
Lu,Solomonides,lsolomonideson@squidoo.com,Female,26.199.194.71
Karil,Mattingly,kmattinglyoo@adobe.com,Female,103.168.185.74
Madelin,Hardesty,mhardestyop@jiathis.com,Female,229.4.27.225
Arlyn,Booth-Jarvis,aboothjarvisoq@t-online.de,Non-binary,201.194.54.122
Michelina,Padberry,mpadberryor@usatoday.com,Female,168.217.247.130
Jenilee,Little,jlittleos@jugem.jp,Female,140.0.77.180
Adelaida,Prys,aprysot@exblog.jp,Female,68.2.178.142
Wilie,Trynor,wtrynorou@xinhuanet.com,Female,65.72.9.185
Bearnard,Arnholz,barnholzov@epa.gov,Non-binary,176.32.194.167
Iain,Goulding,igouldingow@state.tx.us,Male,59.109.166.4
Deina,Fearnyhough,dfearnyhoughox@squidoo.com,Female,183.200.185.41
Alli,Melburg,amelburgoy@wikimedia.org,Female,156.252.72.1
Maxy,Cheater,mcheateroz@amazon.co.uk,Female,125.154.117.84
Karla,Greenland,kgreenlandp0@typepad.com,Female,104.64.12.93
Klement,Perrins,kperrinsp1@pen.io,Male,186.148.96.2
Tamera,Filipponi,tfilipponip2@deliciousdays.com,Female,80.147.201.178
Toddie,Van,tvanp3@stumbleupon.com,Male,181.220.239.47
Isadora,Lapwood,ilapwoodp4@studiopress.com,Female,219.99.26.194
Jolynn,Rawlinson,jrawlinsonp5@ucsd.edu,Female,190.244.247.125
Bendite,Werndley,bwerndleyp6@weebly.com,Female,41.114.50.20
Alberta,Spiniello,aspiniellop7@networkadvertising.org,Female,87.198.201.252
Findley,Leathwood,fleathwoodp8@usda.gov,Male,202.159.26.75
Adolphe,McMullen,amcmullenp9@angelfire.com,Male,53.63.192.54
Kenton,Blaschke,kblaschkepa@opensource.org,Male,58.203.125.225
Herbie,Franzoli,hfranzolipb@skype.com,Male,128.230.68.112
Quintilla,Degenhardt,qdegenhardtpc@xinhuanet.com,Female,179.139.115.224
Kerwin,Christopherson,kchristophersonpd@altervista.org,Male,220.163.165.26
Bell,Readwin,breadwinpe@dailymotion.com,Female,200.249.137.58
Nevins,Kerfoot,nkerfootpf@ifeng.com,Male,190.56.174.27
Sky,Brooksby,sbrooksbypg@vistaprint.com,Male,118.91.131.89
Gussie,Swinnerton,gswinnertonph@acquirethisname.com,Female,31.40.100.177
Sigismund,Tesoe,stesoepi@yale.edu,Male,233.139.14.131
Lanny,Quincey,lquinceypj@psu.edu,Female,14.232.130.217
Dorelia,Ambroz,dambrozpk@pen.io,Female,161.83.2.226
Forester,Bruster,fbrusterpl@microsoft.com,Bigender,100.54.248.13
Dorian,Giblin,dgiblinpm@about.com,Female,221.166.105.23
Doug,Matthewman,dmatthewmanpn@wikispaces.com,Male,191.248.59.144
Yovonnda,Oddy,yoddypo@uiuc.edu,Female,37.69.60.177
Renie,McCrory,rmccrorypp@hao123.com,Female,79.196.157.181
Gilli,Tuftin,gtuftinpq@constantcontact.com,Female,180.181.63.53
Casey,Dank,cdankpr@rakuten.co.jp,Male,2.31.26.181
Gregoor,Eginton,gegintonps@princeton.edu,Male,39.155.208.247
Kelli,Allsopp,kallsopppt@pbs.org,Female,199.92.54.75
Livy,Jaskiewicz,ljaskiewiczpu@nasa.gov,Female,13.101.98.4
Nowell,Bissell,nbissellpv@angelfire.com,Male,129.13.106.225
Babbie,Gooding,bgoodingpw@telegraph.co.uk,Female,129.195.184.177
Urbanus,Mandifield,umandifieldpx@yelp.com,Male,170.68.46.234
Mariejeanne,Bigby,mbigbypy@springer.com,Female,79.142.154.143
Rodge,Chataignier,rchataignierpz@soup.io,Male,9.54.252.149
Charmion,Klos,cklosq0@house.gov,Female,87.170.79.197
Renell,Kensit,rkensitq1@posterous.com,Genderfluid,83.27.41.21
Corby,Renackowna,crenackownaq2@artisteer.com,Male,205.214.168.55
Dion,Hardin,dhardinq3@howstuffworks.com,Female,14.201.45.173
Clotilda,Tzuker,ctzukerq4@google.co.jp,Female,129.12.189.131
Merrilee,Beranek,mberanekq5@discuz.net,Female,67.207.220.10
Alfred,Fusco,afuscoq6@hhs.gov,Non-binary,255.79.70.89
Vitoria,Varcoe,vvarcoeq7@delicious.com,Genderfluid,216.246.121.229
Prent,Bart,pbartq8@amazon.com,Male,129.35.33.87
Reidar,Scotcher,rscotcherq9@nytimes.com,Genderqueer,252.59.229.142
Virgie,Lanigan,vlaniganqa@jimdo.com,Male,10.53.22.82
Horatia,Gerhartz,hgerhartzqb@prnewswire.com,Female,180.12.45.239
Merrile,Sedwick,msedwickqc@prlog.org,Female,118.179.49.214
Arly,Bleacher,ableacherqd@hugedomains.com,Female,47.30.253.29
Benedick,Fligg,bfliggqe@nifty.com,Male,13.10.25.101
Ossie,Fearnehough,ofearnehoughqf@nih.gov,Male,240.105.92.24
Meta,Arter,marterqg@jalbum.net,Female,13.136.179.217
Mel,Aslin,maslinqh@tuttocitta.it,Female,217.101.152.94
Welby,Wooldridge,wwooldridgeqi@yelp.com,Male,27.2.173.29
Rowe,Derrington,rderringtonqj@oracle.com,Female,208.184.90.120
Garrott,Lukas,glukasqk@cnet.com,Male,85.182.36.172
Lin,Tattam,ltattamql@dailymotion.com,Male,216.93.14.110
Myrtie,Dewen,mdewenqm@hostgator.com,Bigender,62.45.102.32
Minne,Dawidowitz,mdawidowitzqn@google.fr,Female,58.87.149.24
Johannah,Fehners,jfehnersqo@aboutads.info,Genderqueer,146.175.23.69
Avram,Downs,adownsqp@wufoo.com,Non-binary,167.227.218.213
Amelia,Bambridge,abambridgeqq@microsoft.com,Female,34.81.22.219
Euphemia,Sholem,esholemqr@google.it,Female,157.88.110.191
Xever,Rayworth,xrayworthqs@odnoklassniki.ru,Male,87.183.169.87
Harvey,Rudeyeard,hrudeyeardqt@feedburner.com,Male,252.130.36.140
Menard,Killeley,mkilleleyqu@ovh.net,Male,84.193.123.40
Karney,Pakes,kpakesqv@canalblog.com,Male,60.43.194.173
Fowler,Lilliman,flillimanqw@cisco.com,Genderfluid,17.161.96.235
Alyson,Ollis,aollisqx@cbc.ca,Female,96.99.151.229
Heidi,Van den Dael,hvandendaelqy@reuters.com,Female,180.106.23.194
Austin,Meaking,ameakingqz@adobe.com,Male,88.168.186.200
Stewart,Bleything,sbleythingr0@twitpic.com,Male,169.196.190.17
Barrie,Briscow,bbriscowr1@ning.com,Male,113.71.33.182
Stan,Woodyatt,swoodyattr2@photobucket.com,Male,252.149.252.77
Connor,Ranger,crangerr3@linkedin.com,Male,214.133.242.2
Cary,Bardwell,cbardwellr4@cnet.com,Male,220.75.241.223
Karen,Urien,kurienr5@g.co,Female,20.7.233.204
Siana,Gruszka,sgruszkar6@1und1.de,Female,212.42.232.203
Fletcher,Lile,fliler7@rakuten.co.jp,Male,206.42.249.161
Zak,Setterthwait,zsetterthwaitr8@ezinearticles.com,Male,42.76.222.37
Mendie,Bilbery,mbilberyr9@japanpost.jp,Male,241.144.137.210
Mendie,Peake,mpeakera@blogtalkradio.com,Male,0.121.122.237
Lizette,Giercke,lgierckerb@netscape.com,Female,240.129.188.177
Dew,Dunan,ddunanrc@state.tx.us,Male,9.149.94.157
Dynah,O'Connel,doconnelrd@addtoany.com,Female,90.67.77.193
Gustie,Hamson,ghamsonre@etsy.com,Female,18.141.194.21
Trula,Beenham,tbeenhamrf@senate.gov,Female,217.201.71.251
Christye,Winsley,cwinsleyrg@princeton.edu,Female,109.110.238.20
Delainey,Klulisek,dklulisekrh@woothemes.com,Male,223.232.138.207
Fenelia,Thynn,fthynnri@about.me,Female,238.171.172.116
Jarrid,Scrivin,jscrivinrj@usatoday.com,Male,15.44.74.206
Teador,Bassick,tbassickrk@cafepress.com,Non-binary,89.240.197.90
Erhard,Cato,ecatorl@seattletimes.com,Male,197.114.22.163
Charin,Woodington,cwoodingtonrm@auda.org.au,Female,207.239.6.94
Madlen,Dunseath,mdunseathrn@plala.or.jp,Female,172.224.164.139
Cesare,Clemenceau,cclemenceauro@eventbrite.com,Male,216.159.251.225
Elmer,Artindale,eartindalerp@nydailynews.com,Male,14.224.94.169
Bill,Kuschke,bkuschkerq@weather.com,Bigender,67.182.231.44
Reagan,Crellin,rcrellinrr@sun.com,Male,65.88.129.169
