Felix,Gullam,fgullam0@sbwire.com,Male,Sales,1626.94
Carmelia,Apple,capple1@seesaa.net,Female,Engineering,2796.39
Alicia,Shaw,ashaw2@berkeley.edu,Bigender,Accounting,1705.28
Eustacia,Grissett,egrissett3@wikipedia.org,Genderqueer,Sales,1509.57
Niven,Spieght,nspieght4@furl.net,Male,Product Management,2664.48
Falkner,Magor,fmagor5@nsw.gov.au,Male,Sales,1822.3
Alika,Tootin,atootin6@phoca.cz,Female,Sales,2106.31
Carter,Tallowin,ctallowin7@hibu.com,Male,Training,1798.05
Veronique,Matuszak,vmatuszak8@ft.com,Female,Engineering,1619.29
Trev,Bartos,tbartos9@unblog.fr,Male,Business Development,1773.8
Angel,McIlenna,amcilennaa@archive.org,Male,Services,2969.43
Alfie,Skaid,askaidb@ed.gov,Male,Sales,1687.46
Lorrin,Robben,lrobbenc@deviantart.com,Female,Human Resources,1852.17
Vanda,Nellies,vnelliesd@bravesites.com,Female,Legal,2754.02
Avigdor,Brownstein,abrownsteine@tripadvisor.com,Male,Sales,1538.8
Bertie,Draayer,bdraayerf@yellowpages.com,Male,Accounting,2779.63
Junia,Patel,jpatelg@unc.edu,Female,Research and Development,2906.84
Tamas,Bainton,tbaintonh@buzzfeed.com,Male,Business Development,2069.1
Crystie,Shillabear,cshillabeari@ibm.com,Female,Human Resources,2625.09
Dode,Youles,dyoulesj@miibeian.gov.cn,Female,Human Resources,2408.39
Gertrudis,Chainey,gchaineyk@ocn.ne.jp,Female,Accounting,2758.57
Bernard,Torre,btorrel@kickstarter.com,Male,Business Development,1539.14
Alys,Skiplorne,askiplornem@phpbb.com,Female,Training,1857.67
Revkah,Brusby,rbrusbyn@sakura.ne.jp,Female,Product Management,2026.79
Jena,Sapsford,jsapsfordo@ehow.com,Female,Support,1527.37
Silvano,Lepard,slepardp@seesaa.net,Male,Accounting,1524.12
Ali,Neeves,aneevesq@prweb.com,Male,Research and Development,1692.17
Liv,Minchell,lminchellr@yale.edu,Non-binary,Research and Development,1618.12
Wash,Duling,wdulings@disqus.com,Male,Accounting,2982.18
Luis,Kinnock,lkinnockt@go.com,Male,Services,2149.92
Kile,Cheater,kcheateru@gmpg.org,Polygender,Support,1884.73
Alleyn,Tyzack,atyzackv@woothemes.com,Male,Marketing,2251.34
Ferdinande,Matyushenko,fmatyushenkow@arstechnica.com,Female,Marketing,2323.74
Lorene,Kroll,lkrollx@gov.uk,Female,Accounting,2651.53
Fletch,Milborn,fmilborny@nature.com,Male,Product Management,1938.65
Hermina,Duesberry,hduesberryz@cloudflare.com,Female,Research and Development,1854.86
Sol,Flexman,sflexman10@telegraph.co.uk,Male,Marketing,2454.82
Lewes,Ferney,lferney11@hatena.ne.jp,Male,Research and Development,2017.53
Catherine,Hardison,chardison12@1688.com,Female,Sales,1975.02
Bernard,Creeboe,bcreeboe13@deviantart.com,Male,Human Resources,1561.77
Hasty,Blondell,hblondell14@wiley.com,Male,Business Development,1597.07
Giacomo,Streight,gstreight15@gov.uk,Male,Product Management,2478.08
Andre,Elener,aelener16@examiner.com,Male,Research and Development,1987.56
Adi,Samuels,asamuels17@berkeley.edu,Bigender,Business Development,2283.64
Edlin,Miles,emiles18@nature.com,Male,Training,2788.27
Jeanie,Dumphries,jdumphries19@elpais.com,Female,Business Development,2728.66
Christie,Gregol,cgregol1a@acquirethisname.com,Female,Human Resources,2016.2
Dennie,Isaak,disaak1b@cbslocal.com,Genderfluid,Research and Development,1579.07
Elihu,Shalliker,eshalliker1c@slate.com,Male,Product Management,2999.48
Andrea,Deely,adeely1d@list-manage.com,Male,Research and Development,2554.49
Adolf,Davidge,adavidge1e@mozilla.com,Male,Business Development,1528.87
Ann-marie,Moth,amoth1f@disqus.com,Female,Human Resources,2380.82
Hogan,Dairton,hdairton1g@theguardian.com,Male,Research and Development,1855.59
Cy,Jaffrey,cjaffrey1h@flavors.me,Male,Business Development,2633.89
Clemmie,Storrock,cstorrock1i@go.com,Male,Engineering,2868.6
Chandler,Pattlel,cpattlel1j@china.com.cn,Male,Services,2156.11
Jehu,Clayton,jclayton1k@census.gov,Male,Training,2912.6
Rhea,Lindwasser,rlindwasser1l@quantcast.com,Female,Engineering,2592.14
Donalt,Steers,dsteers1m@hexun.com,Male,Sales,2179.97
Robbyn,Havill,rhavill1n@miibeian.gov.cn,Female,Sales,1716.34
Cyrill,Clowsley,cclowsley1o@yelp.com,Male,Support,1925.79
Averell,Stowers,astowers1p@ocn.ne.jp,Male,Support,2368.76
Nick,Kemsley,nkemsley1q@dropbox.com,Male,Research and Development,1512.87
Letisha,Mahedy,lmahedy1r@wufoo.com,Female,Legal,2122.65
Meridith,Ettritch,mettritch1s@cnbc.com,Female,Training,2706.41
Rodolphe,Stirgess,rstirgess1t@over-blog.com,Male,Marketing,1857.77
Murvyn,Comini,mcomini1u@nasa.gov,Male,Accounting,2277.74
Alexandr,Kittless,akittless1v@webs.com,Male,Engineering,2274.61
Caritta,Sutcliff,csutcliff1w@psu.edu,Genderqueer,Sales,2668.5
Pavel,Heavyside,pheavyside1x@hugedomains.com,Genderqueer,Research and Development,2687.21
Libbie,Stutter,lstutter1y@homestead.com,Female,Training,1639.23
Cally,Heustace,cheustace1z@ucsd.edu,Female,Training,2336.27
Barclay,Petrenko,bpetrenko20@msu.edu,Male,Engineering,2431.22
Donnajean,Pasek,dpasek21@google.com.br,Female,Business Development,2085.51
Mandie,Fry,mfry22@shinystat.com,Female,Training,2894.67
Saundra,Gulston,sgulston23@scientificamerican.com,Female,Engineering,2804.75
Angela,Jaggli,ajaggli24@ask.com,Non-binary,Marketing,1886.25
Marielle,Winspurr,mwinspurr25@shutterfly.com,Female,Legal,1556.34
Corey,Keizman,ckeizman26@cdbaby.com,Female,Marketing,2875.62
Kliment,Rosenstein,krosenstein27@yandex.ru,Male,Training,2171.1
Shelley,Kibbye,skibbye28@prlog.org,Female,Human Resources,2063.2
Regine,O'Daly,rodaly29@mediafire.com,Female,Business Development,2618.79
Ferguson,Kane,fkane2a@toplist.cz,Male,Legal,2195.21
Lyndy,Hargraves,lhargraves2b@auda.org.au,Female,Product Management,2319.32
Phil,Thorndale,pthorndale2c@zimbio.com,Genderfluid,Engineering,2292.2
Allene,Heinish,aheinish2d@1688.com,Female,Human Resources,2435.91
Arley,Buten,abuten2e@usda.gov,Male,Human Resources,2191.61
Minni,Codi,mcodi2f@unesco.org,Female,Accounting,2553.64
Kristan,Hands,khands2g@icq.com,Female,Engineering,2422.59
Mariette,Syvret,msyvret2h@miitbeian.gov.cn,Female,Services,2934.93
Beverie,Quarmby,bquarmby2i@usatoday.com,Female,Product Management,2212.86
Geoffry,Clemencon,gclemencon2j@tinypic.com,Male,Human Resources,2273.78
Paula,Hackforth,phackforth2k@bloglines.com,Female,Marketing,1935.8
Adria,Hallmark,ahallmark2l@cornell.edu,Female,Legal,1969.18
Meredeth,D'Aeth,mdaeth2m@flavors.me,Male,Human Resources,2615.29
Bert,Allam,ballam2n@pcworld.com,Male,Services,2579.22
Cletis,Extance,cextance2o@posterous.com,Male,Product Management,2201.39
Brade,Mucillo,bmucillo2p@cnet.com,Male,Engineering,1806.7
Nettie,Di Carlo,ndicarlo2q@hostgator.com,Female,Legal,2414.76
Libbie,Symons,lsymons2r@mail.ru,Female,Legal,2512.11
Storm,Carsey,scarsey2s@xinhuanet.com,Polygender,Human Resources,2337.81
Alfonse,Fayerbrother,afayerbrother2t@seattletimes.com,Male,Training,1734.84
Dene,Winfindale,dwinfindale2u@wufoo.com,Male,Research and Development,2818.17
Kelwin,Coomber,kcoomber2v@1688.com,Male,Product Management,2780.18
Gary,Loynes,gloynes2w@ihg.com,Male,Engineering,2650.12
Hercule,Colqueran,hcolqueran2x@cdc.gov,Male,Support,2711.14
Jarib,Lukovic,jlukovic2y@geocities.jp,Male,Accounting,1710.79
Alisa,Migheli,amigheli2z@tinyurl.com,Female,Services,1619.8
Harlie,Bourchier,hbourchier30@smh.com.au,Genderqueer,Marketing,2146.83
Perceval,Clitsome,pclitsome31@upenn.edu,Genderqueer,Support,1827.53
Nilson,Pigden,npigden32@sfgate.com,Male,Human Resources,1870.78
Odele,Veeler,oveeler33@51.la,Female,Product Management,2272.25
Verene,Drance,vdrance34@free.fr,Female,Research and Development,1558.8
Brita,Koppe,bkoppe35@posterous.com,Female,Sales,2616.16
Derril,Morby,dmorby36@newsvine.com,Male,Marketing,2143.79
Corene,Darlow,cdarlow37@independent.co.uk,Female,Research and Development,1867.14
Marrilee,Arnauduc,marnauduc38@ted.com,Female,Legal,2022.77
Anatola,Brook,abrook39@marketwatch.com,Female,Human Resources,2045.76
Smitty,Duce,sduce3a@vinaora.com,Male,Engineering,1972.51
Pedro,Pickerin,ppickerin3b@quantcast.com,Male,Support,1589.51
Queenie,Petrasek,qpetrasek3c@marriott.com,Female,Human Resources,2525.55
Ichabod,Plait,iplait3d@oakley.com,Male,Sales,2639.3
Randie,Slott,rslott3e@elpais.com,Male,Support,2460.82
Mac,O'Shee,moshee3f@baidu.com,Male,Engineering,2321.07
Annmarie,Burgott,aburgott3g@tuttocitta.it,Female,Research and Development,1945.18
Carma,Hudless,chudless3h@aboutads.info,Genderfluid,Sales,2795.17
Caleb,Cockle,ccockle3i@about.me,Male,Services,1693.85
Mara,Brodest,mbrodest3j@slashdot.org,Female,Engineering,1538.58
Moe,McFater,mmcfater3k@acquirethisname.com,Male,Research and Development,2934.02
Maxie,Beddard,mbeddard3l@psu.edu,Female,Business Development,2054.0
Derick,Borham,dborham3m@skype.com,Male,Training,1857.03
Garold,Darbishire,gdarbishire3n@dailymotion.com,Male,Sales,2122.38
Corbett,Ricardo,cricardo3o@indiegogo.com,Male,Marketing,1594.98
Louise,Maginot,lmaginot3p@geocities.com,Female,Product Management,2769.59
Mariska,Caldicot,mcaldicot3q@cbc.ca,Female,Marketing,1601.04
Rahel,Mendus,rmendus3r@posterous.com,Polygender,Accounting,1783.72
Inness,Leagas,ileagas3s@freewebs.com,Genderfluid,Research and Development,2546.38
Neddie,Oldacres,noldacres3t@senate.gov,Male,Research and Development,1978.5
Quintus,Dominiak,qdominiak3u@vk.com,Male,Product Management,2182.25
Kyle,Dudny,kdudny3v@google.co.uk,Male,Product Management,2550.71
Welch,Edgars,wedgars3w@gmpg.org,Male,Business Development,2792.76
Doreen,Learoyde,dlearoyde3x@ihg.com,Female,Engineering,2895.34
Hebert,Strewther,hstrewther3y@ucoz.com,Male,Services,1920.16
Trueman,Goodfellowe,tgoodfellowe3z@multiply.com,Male,Legal,1960.77
Leia,Allen,lallen40@virginia.edu,Female,Support,2895.74
Randy,de la Tremoille,rdelatremoille41@example.com,Male,Marketing,2923.16
Laurie,Dennick,ldennick42@51.la,Female,Training,2811.63
Blanche,Schirach,bschirach43@senate.gov,Female,Marketing,2501.82
Susanna,Trever,strever44@nasa.gov,Female,Human Resources,1750.01
Addie,Roggeman,aroggeman45@amazonaws.com,Female,Legal,2388.63
Ty,Imlin,timlin46@mayoclinic.com,Male,Services,1829.96
Maurits,Suff,msuff47@163.com,Male,Accounting,2543.88
Shaylah,Acock,sacock48@boston.com,Female,Training,1610.87
Shelby,Ambroisin,sambroisin49@omniture.com,Male,Services,2495.14
Hubert,Helgass,hhelgass4a@hubpages.com,Male,Support,1745.69
Duff,Claworth,dclaworth4b@gizmodo.com,Male,Product Management,2708.57
Nari,Buckhurst,nbuckhurst4c@studiopress.com,Female,Product Management,2804.67
Booth,Dutt,bdutt4d@omniture.com,Male,Sales,2611.56
Wynn,Matus,wmatus4e@weebly.com,Female,Support,1716.96
Kaleena,Grichukhin,kgrichukhin4f@sitemeter.com,Female,Research and Development,1853.57
Alain,Preddy,apreddy4g@jimdo.com,Male,Legal,2175.01
Lemmy,Stuart,lstuart4h@storify.com,Male,Accounting,2840.61
Julienne,Dobbison,jdobbison4i@shop-pro.jp,Female,Engineering,2971.44
Loy,Dincey,ldincey4j@ow.ly,Male,Sales,2022.7
Welsh,Scole,wscole4k@nyu.edu,Male,Training,2067.51
Eirena,Gilluley,egilluley4l@myspace.com,Polygender,Research and Development,2194.16
Jacklyn,Creamen,jcreamen4m@disqus.com,Agender,Accounting,1885.35
Trumaine,Pennicard,tpennicard4n@tiny.cc,Male,Accounting,1699.87
Elsa,Lumsdaine,elumsdaine4o@howstuffworks.com,Female,Engineering,1647.36
Pepe,Buckleigh,pbuckleigh4p@biblegateway.com,Male,Research and Development,2626.56
Klaus,Brashaw,kbrashaw4q@soundcloud.com,Male,Engineering,2184.63
Kory,Guillain,kguillain4r@earthlink.net,Male,Services,1938.81
Meridith,Buckney,mbuckney4s@yale.edu,Female,Services,1936.08
Merle,Bogies,mbogies4t@sohu.com,Female,Marketing,2416.18
Lani,Pagon,lpagon4u@hatena.ne.jp,Polygender,Accounting,1924.82
North,Wyllis,nwyllis4v@eepurl.com,Male,Human Resources,2163.63
Joshua,Thomlinson,jthomlinson4w@businesswire.com,Agender,Human Resources,2394.13
Nikola,Rilton,nrilton4x@symantec.com,Male,Business Development,1722.4
Leigha,Arnaudet,larnaudet4y@friendfeed.com,Female,Legal,1510.52
Kari,Pudner,kpudner4z@salon.com,Female,Business Development,1976.77
Dew,Bartholomieu,dbartholomieu50@squarespace.com,Male,Research and Development,2367.46
Garwood,Faraker,gfaraker51@1und1.de,Male,Legal,1567.18
Dotty,Aronin,daronin52@usa.gov,Genderqueer,Business Development,2496.88
Normand,Hallum,nhallum53@weather.com,Male,Training,2601.99
Gertrud,Prettyman,gprettyman54@bravesites.com,Female,Sales,1949.85
Bron,Gummer,bgummer55@furl.net,Male,Product Management,2281.06
Rand,Spatoni,rspatoni56@timesonline.co.uk,Polygender,Support,1547.58
Leola,Newcombe,lnewcombe57@cbsnews.com,Female,Business Development,2441.59
Joann,Iacomo,jiacomo58@umn.edu,Female,Research and Development,2777.23
Nikola,Carnie,ncarnie59@usda.gov,Male,Engineering,2487.67
Muhammad,Jinkin,mjinkin5a@amazonaws.com,Polygender,Human Resources,2162.51
Lainey,Wynter,lwynter5b@purevolume.com,Female,Product Management,1618.26
Haley,Conneau,hconneau5c@privacy.gov.au,Female,Human Resources,1524.96
Kasper,Tumulty,ktumulty5d@miibeian.gov.cn,Male,Support,1501.73
Zeb,Stockell,zstockell5e@mozilla.com,Male,Support,2918.82
Yolande,Daice,ydaice5f@geocities.jp,Female,Engineering,2355.35
Nathaniel,Rolston,nrolston5g@squidoo.com,Polygender,Human Resources,2355.71
Orella,Averall,oaverall5h@shareasale.com,Female,Legal,2759.53
Andras,Ruecastle,aruecastle5i@4shared.com,Male,Business Development,2883.65
Granger,Kiffe,gkiffe5j@go.com,Male,Research and Development,2475.53
Terza,Mews,tmews5k@google.ru,Female,Training,1916.95
Queenie,Chastey,qchastey5l@jigsy.com,Female,Sales,1859.31
Chandler,Cracknall,ccracknall5m@reuters.com,Male,Services,2509.28
Huey,Giovannacc@i,hgiovannacci5n@ask.com,Male,Training,2151.59
Chauncey,Gadie,cgadie5o@berkeley.edu,Male,Business Development,2413.67
Charlotta,Boddy,cboddy5p@mac.com,Female,Support,2548.0
Tomasine,Gooden,tgooden5q@wired.com,Female,Sales,2903.02
Tripp,Yeowell,tyeowell5r@accuweather.com,Genderfluid,Services,2804.79
Carmine,Lawlor,clawlor5s@microsoft.com,Female,Legal,2065.49
Grissel,Artois,gartois5t@google.es,Female,Human Resources,2318.84
Lynnell,Houndesome,lhoundesome5u@woothemes.com,Female,Human Resources,1758.95
Moshe,Rickets,mrickets5v@dropbox.com,Male,Services,2553.26
Leroi,Morrott,lmorrott5w@domainmarket.com,Male,Product Management,2289.85
Peria,Spatari,pspatari5x@kickstarter.com,Non-binary,Services,2891.28
Mariejeanne,Braxay,mbraxay5y@yellowbook.com,Genderqueer,Training,2994.42
Almeria,Brislawn,abrislawn5z@mtv.com,Polygender,Marketing,2545.57
Beaufort,Edland,bedland60@redcross.org,Male,Marketing,2273.53
Jennine,Meak,jmeak61@narod.ru,Female,Accounting,2509.31
Clareta,Baughen,cbaughen62@istockphoto.com,Female,Marketing,1599.89
Michele,Howson,mhowson63@ucoz.ru,Male,Support,1503.1
Pru,Hodinton,phodinton64@adobe.com,Female,Sales,2149.73
Vincenty,Stockle,vstockle65@wisc.edu,Genderqueer,Business Development,2954.28
Henry,Bristowe,hbristowe66@example.com,Male,Engineering,2324.73
Frasquito,Pettigrew,fpettigrew67@cyberchimps.com,Male,Marketing,2909.84
Codi,Edger,cedger68@cafepress.com,Male,Legal,2018.3
Jori,Housen,jhousen69@harvard.edu,Female,Support,2070.57
Beryl,Raccio,braccio6a@bing.com,Female,Accounting,1583.3
Timothea,Musla,tmusla6b@ibm.com,Female,Sales,1710.53
Lindon,Charlo,lcharlo6c@nifty.com,Male,Services,2223.56
Pierette,Perez,pperez6d@flickr.com,Female,Product Management,2530.31
Sherwynd,Berendsen,sberendsen6e@webs.com,Male,Research and Development,1932.81
Betti,Jacks,bjacks6f@prlog.org,Female,Engineering,1711.07
Lanie,Claasen,lclaasen6g@networkadvertising.org,Female,Research and Development,2505.7
Gweneth,Seaward,gseaward6h@digg.com,Female,Human Resources,2587.95
Truda,Milne,tmilne6i@joomla.org,Female,Research and Development,2386.74
Stanislaw,Stephens,sstephens6j@themeforest.net,Male,Sales,2504.77
Abbye,Maber,amaber6k@etsy.com,Female,Accounting,1882.38
Catherine,Goodsal,cgoodsal6l@yale.edu,Female,Sales,2581.43
Phillida,Tyrrell,ptyrrell6m@sbwire.com,Female,Business Development,2157.05
Sosanna,Asipenko,sasipenko6n@ovh.net,Female,Research and Development,2122.58
Bengt,Dumsday,bdumsday6o@wp.com,Agender,Research and Development,2295.26
Jody,Whapples,jwhapples6p@slate.com,Genderqueer,Accounting,2426.76
Rubie,Dixie,rdixie6q@g.co,Female,Services,2953.22
Archibald,Benny,abenny6r@noaa.gov,Male,Services,1702.76
Lamond,Pinnock,lpinnock6s@eepurl.com,Male,Legal,2275.59
Brannon,Dumbarton,bdumbarton6t@narod.ru,Male,Accounting,2291.18
Theo,Kenworthey,tkenworthey6u@newsvine.com,Male,Legal,2253.6
Francesco,Ramas,framas6v@msn.com,Male,Product Management,1738.25
Kendal,Eccott,keccott6w@fc2.com,Male,Accounting,2091.7
Tabina,Gilderoy,tgilderoy6x@shutterfly.com,Female,Support,2219.84
Nehemiah,Sicily,nsicily6y@privacy.gov.au,Male,Engineering,2064.89
Hannah,Mapis,hmapis6z@arizona.edu,Female,Research and Development,2309.15
Robbie,Sloley,rsloley70@rambler.ru,Genderqueer,Sales,1763.85
Jacenta,Halford,jhalford71@msn.com,Female,Training,2197.98
Estrellita,Waterstone,ewaterstone72@de.vu,Female,Sales,2933.75
Brose,Gorbell,bgorbell73@youku.com,Male,Support,2567.1
Grover,Soan,gsoan74@amazonaws.com,Male,Research and Development,1885.4
Serena,Boldt,sboldt75@1und1.de,Female,Legal,2981.74
Maurene,Silverstone,msilverstone76@uiuc.edu,Female,Human Resources,2189.04
Abagail,Cowley,acowley77@merriam-webster.com,Female,Human Resources,2443.45
Weidar,Reckus,wreckus78@typepad.com,Male,Product Management,2438.07
Saundra,Tessington,stessington79@google.nl,Female,Training,2687.84
Desmund,Wisdom,dwisdom7a@google.com.br,Male,Business Development,1964.8
Ali,Penhalurick,apenhalurick7b@disqus.com,Female,Sales,2572.78
Walt,Errichelli,werrichelli7c@hp.com,Male,Sales,2708.94
Ermina,LaBastida,elabastida7d@si.edu,Female,Human Resources,2257.24
Raymond,Siddall,rsiddall7e@nbcnews.com,Male,Services,2978.79
Allard,Braine,abraine7f@smh.com.au,Non-binary,Sales,2018.33
Kizzie,Campe,kcampe7g@digg.com,Female,Accounting,2270.08
Nick,Schott,nschott7h@businessinsider.com,Bigender,Legal,2497.4
Korney,Cockling,kcockling7i@fastcompany.com,Female,Human Resources,2876.78
Colin,Dodds,cdodds7j@walmart.com,Agender,Product Management,1947.21
Lisle,Pothergill,lpothergill7k@smh.com.au,Male,Human Resources,2848.43
Melba,McMullen,mmcmullen7l@canalblog.com,Female,Accounting,2720.85
Layne,Elves,lelves7m@bbb.org,Female,Training,2630.33
Linnea,Puttrell,lputtrell7n@baidu.com,Female,Marketing,2755.61
Arielle,Mathieu,amathieu7o@google.pl,Female,Sales,1764.2
Fina,Bonifas,fbonifas7p@1688.com,Female,Human Resources,1886.49
Nathaniel,Hundley,nhundley7q@wufoo.com,Male,Accounting,2254.34
Krystal,Tie,ktie7r@nbcnews.com,Female,Services,2204.15
Holly,Ruecastle,hruecastle7s@umn.edu,Male,Business Development,2320.53
Irvin,Kauffman,ikauffman7t@google.ru,Male,Services,1580.68
Zacharias,Hall,zhall7u@hatena.ne.jp,Male,Sales,2041.5
Dacy,Fetherston,dfetherston7v@newsvine.com,Female,Sales,2169.49
Hally,Enterlein,henterlein7w@123-reg.co.uk,Female,Engineering,2711.17
Bliss,Godsmark,bgodsmark7x@ebay.com,Polygender,Support,1938.17
West,Everall,weverall7y@pbs.org,Male,Research and Development,2532.76
Angeli,Bukowski,abukowski7z@hhs.gov,Male,Training,2819.64
Billye,Chiplen,bchiplen80@blogspot.com,Female,Engineering,1807.71
Neddy,Gritsunov,ngritsunov81@disqus.com,Male,Marketing,1644.31
Aline,Brickell,abrickell82@who.int,Female,Training,2931.15
Shayne,Kmietsch,skmietsch83@linkedin.com,Female,Accounting,2878.16
Rikki,Krolik,rkrolik84@marriott.com,Female,Marketing,2155.7
Trumaine,Patmore,tpatmore85@nyu.edu,Male,Product Management,2117.68
Aubry,Rodenborch,arodenborch86@oracle.com,Non-binary,Services,1548.98
Josh,Fransson,jfransson87@youku.com,Male,Research and Development,2172.95
Mella,Segoe,msegoe88@eventbrite.com,Female,Sales,1921.95
Carree,Binnion,cbinnion89@fc2.com,Genderfluid,Training,1528.44
Karen,Lockie,klockie8a@apple.com,Female,Marketing,2709.37
Rhonda,Cobb,rcobb8b@who.int,Female,Product Management,2437.71
Bernarr,Lear,blear8c@1688.com,Male,Sales,1569.33
Dolf,Branscomb,dbranscomb8d@exblog.jp,Male,Legal,2654.05
Gaby,McAnulty,gmcanulty8e@behance.net,Female,Sales,1647.32
Demetrius,Byrch,dbyrch8f@bing.com,Male,Training,1569.08
Taddeusz,McCutheon,tmccutheon8g@nytimes.com,Genderfluid,Accounting,1936.08
Gun,Ritter,gritter8h@pen.io,Male,Human Resources,1726.77
Francisco,Dunn,fdunn8i@simplemachines.org,Male,Marketing,2184.2
Patricia,Pittendreigh,ppittendreigh8j@google.co.jp,Female,Marketing,2265.15
Jacklin,Bulter,jbulter8k@people.com.cn,Female,Human Resources,2540.32
Zelda,Glandfield,zglandfield8l@accuweather.com,Female,Human Resources,1904.04
Beatrice,McLuckie,bmcluckie8m@springer.com,Genderfluid,Product Management,1741.87
Jacinta,Tomaszewicz,jtomaszewicz8n@redcross.org,Female,Engineering,1901.66
Brittne,Stollberg,bstollberg8o@wikimedia.org,Agender,Engineering,1547.58
Noby,Dennison,ndennison8p@paginegialle.it,Male,Research and Development,2668.0
Alvan,Kubecka,akubecka8q@blogger.com,Male,Engineering,1846.38
Ingrid,Boch,iboch8r@slideshare.net,Female,Engineering,2410.24
Maitilde,Rae,mrae8s@google.fr,Female,Business Development,1957.59
Cindelyn,Sturm,csturm8t@sakura.ne.jp,Female,Sales,1580.52
Blane,Boddam,bboddam8u@icq.com,Male,Business Development,2906.29
Tiphani,Vasyukhichev,tvasyukhichev8v@gmpg.org,Female,Product Management,1869.74
Austen,Haresnaip,aharesnaip8w@networksolutions.com,Male,Engineering,2607.21
Maura,Lippiello,mlippiello8x@webeden.co.uk,Female,Accounting,1849.58
Lynda,McParlin,lmcparlin8y@csmonitor.com,Female,Training,2518.91
Debi,Waiton,dwaiton8z@techcrunch.com,Female,Research and Development,2685.1
Marwin,Eustanch,meustanch90@bloglovin.com,Male,Product Management,2556.58
Dugald,Yanukhin,dyanukhin91@diigo.com,Male,Human Resources,1637.98
Meghann,Betty,mbetty92@jugem.jp,Female,Business Development,2695.38
Reinold,Crane,rcrane93@toplist.cz,Male,Marketing,1817.74
Sher,Eslemont,seslemont94@usnews.com,Female,Services,2249.42
Laird,Klarzynski,lklarzynski95@bizjournals.com,Male,Engineering,1764.94
Findlay,Slisby,fslisby96@hubpages.com,Male,Human Resources,2520.0
Matthus,Sieghart,msieghart97@eepurl.com,Male,Services,2063.18
Neron,Huddleston,nhuddleston98@linkedin.com,Male,Support,2121.02
Berna,Bee,bbee99@g.co,Female,Training,2494.0
Gene,Lunam,glunam9a@businessinsider.com,Non-binary,Legal,2009.29
Mendel,Covil,mcovil9b@fastcompany.com,Male,Training,1923.23
Darda,Castelli,dcastelli9c@ucoz.com,Female,Sales,1873.32
Michal,Calliss,mcalliss9d@liveinternet.ru,Male,Training,2593.18
Marie,Drewet,mdrewet9e@hexun.com,Female,Marketing,2980.08
Sabra,Cosker,scosker9f@bizjournals.com,Female,Human Resources,2009.54
Prince,Stallen,pstallen9g@soundcloud.com,Male,Legal,1860.12
Eyde,MacUchadair,emacuchadair9h@artisteer.com,Female,Sales,1535.96
Lindsey,Hebson,lhebson9i@google.com.au,Male,Services,2824.74
Maddi,Stainsby,mstainsby9j@adobe.com,Female,Business Development,2368.28
Salim,Kyneton,skyneton9k@blogger.com,Male,Research and Development,2194.15
Gisela,Mothersdale,gmothersdale9l@arizona.edu,Female,Support,2823.56
Gisela,Biaggioli,gbiaggioli9m@prlog.org,Female,Product Management,1899.46
Twyla,Sandwith,tsandwith9n@adobe.com,Female,Sales,2182.43
Prudence,Sifflett,psifflett9o@usnews.com,Polygender,Support,1985.18
Teodorico,Adkins,tadkins9p@mac.com,Male,Accounting,2773.41
Stanton,Gonin,sgonin9q@mysql.com,Male,Business Development,2619.51
Allister,Ghost,aghost9r@cisco.com,Male,Legal,2182.84
Arthur,Tart,atart9s@drupal.org,Male,Legal,2859.0
Birgit,Lethlay,blethlay9t@theatlantic.com,Female,Business Development,2511.62
Norbert,Conningham,nconningham9u@chicagotribune.com,Male,Accounting,2440.68
Gerri,Hearthfield,ghearthfield9v@time.com,Female,Marketing,2935.31
Dare,Cole,dcole9w@dailymotion.com,Male,Training,2923.76
Halsey,Eades,heades9x@pagesperso-orange.fr,Male,Legal,1810.24
Riordan,Bogart,rbogart9y@nasa.gov,Male,Support,1769.79
Pen,Grieves,pgrieves9z@smh.com.au,Female,Research and Development,2396.32
Gaynor,Gianelli,ggianellia0@ustream.tv,Female,Legal,1786.67
Kathi,Staveley,kstaveleya1@cisco.com,Female,Marketing,2426.38
Georgie,Tetsall,gtetsalla2@wikia.com,Male,Human Resources,2373.59
Mario,Cornilli,mcornillia3@reddit.com,Male,Research and Development,2525.65
Chicky,Penman,cpenmana4@sohu.com,Genderqueer,Support,2416.52
Laurence,Dionisii,ldionisiia5@slashdot.org,Male,Training,1637.64
Burt,Cochern,bcocherna6@digg.com,Male,Accounting,2275.0
Archy,Tudgay,atudgaya7@google.nl,Male,Sales,1817.24
Kris,Condon,kcondona8@vk.com,Male,Product Management,2476.61
Daryle,Ingon,dingona9@a8.net,Male,Engineering,2156.43
Marven,Goldstone,mgoldstoneaa@soundcloud.com,Male,Sales,2375.64
Alene,Bride,abrideab@vk.com,Genderqueer,Legal,1671.87
Ron,Garrique,rgarriqueac@livejournal.com,Male,Services,1700.74
Lela,Brent,lbrentad@lycos.com,Female,Business Development,2173.05
Auroora,Tyas,atyasae@fema.gov,Female,Product Management,1922.04
Coralyn,Sonner,csonneraf@usgs.gov,Female,Engineering,2321.89
Richie,Kieff,rkieffag@imdb.com,Male,Sales,2093.17
Fannie,Bellam,fbellamah@java.com,Female,Legal,2457.4
Silvanus,Ackeroyd,sackeroydai@4shared.com,Male,Support,2588.45
Konstance,Sedcole,ksedcoleaj@lycos.com,Female,Marketing,2080.48
Katy,Dungate,kdungateak@army.mil,Female,Services,2772.64
Adamo,Newgrosh,anewgroshal@mit.edu,Male,Marketing,1522.04
Kalina,Golton,kgoltonam@opensource.org,Female,Research and Development,1731.31
Zenia,Scutter,zscutteran@nytimes.com,Female,Engineering,1952.23
Carmine,Bru,cbruao@hao123.com,Female,Training,2899.48
Brendan,Measures,bmeasuresap@bigcartel.com,Male,Sales,2156.95
Karoly,Grishechkin,kgrishechkinaq@quantcast.com,Male,Support,1874.06
Bradly,Patron,bpatronar@cargocollective.com,Male,Human Resources,2793.17
Catharina,Kem,ckemas@nymag.com,Female,Support,2623.28
Sadella,Stringman,sstringmanat@vkontakte.ru,Female,Marketing,2083.33
Lalo,Realph,lrealphau@trellian.com,Male,Business Development,2012.82
Darcy,Cantu,dcantuav@sciencedirect.com,Male,Product Management,2231.11
Gayle,Siverns,gsivernsaw@kickstarter.com,Male,Business Development,2830.45
Evelin,Bartels,ebartelsax@discuz.net,Male,Support,1588.07
Giles,Petrolli,gpetrolliay@army.mil,Male,Services,2873.68
Ange,Eburne,aeburneaz@liveinternet.ru,Female,Accounting,1661.23
Tybie,Smithyman,tsmithymanb0@home.pl,Female,Business Development,2686.27
Clark,Scrane,cscraneb1@exblog.jp,Male,Sales,1834.56
Reeta,Powdrill,rpowdrillb2@psu.edu,Female,Accounting,2148.23
Neilla,Garralts,ngarraltsb3@flickr.com,Female,Human Resources,2499.24
Milt,Mityashev,mmityashevb4@japanpost.jp,Male,Marketing,2805.23
Giana,Barts,gbartsb5@wp.com,Female,Legal,2306.05
Jaquith,Gartan,jgartanb6@acquirethisname.com,Female,Support,2333.76
Rab,Kershow,rkershowb7@yahoo.com,Male,Marketing,1608.52
Cass,Moodycliffe,cmoodycliffeb8@gov.uk,Male,Engineering,1985.48
Dael,Swine,dswineb9@webs.com,Male,Human Resources,2316.99
Roselin,Pulley,rpulleyba@nbcnews.com,Female,Research and Development,2584.72
Kendricks,Ackenson,kackensonbb@answers.com,Male,Business Development,2372.19
Aubrey,Bownd,abowndbc@sbwire.com,Female,Product Management,2466.47
Judon,Kiss,jkissbd@un.org,Male,Training,1519.1
Alvan,Gippes,agippesbe@vk.com,Male,Product Management,1895.04
Jobi,Grumbridge,jgrumbridgebf@blogspot.com,Female,Legal,2482.7
Adrea,Olanda,aolandabg@i2i.jp,Female,Sales,1974.06
Jori,Reaper,jreaperbh@behance.net,Female,Marketing,1758.89
Percy,Wasbey,pwasbeybi@independent.co.uk,Male,Engineering,1531.2
Solly,Strangeways,sstrangewaysbj@indiegogo.com,Male,Engineering,2864.1
Linzy,Keld,lkeldbk@typepad.com,Agender,Business Development,1737.86
Dane,Fyfe,dfyfebl@addthis.com,Male,Legal,2478.86
Quint,Clynmans,qclynmansbm@usnews.com,Male,Support,1592.81
Gennifer,Giocannoni,ggiocannonibn@jugem.jp,Female,Services,2968.22
Claus,Rival,crivalbo@youtu.be,Male,Business Development,2642.12
Saunderson,Hamm,shammbp@fastcompany.com,Male,Marketing,1558.53
Cyndia,Ridgley,cridgleybq@nationalgeographic.com,Female,Training,2237.18
Veriee,Dales,vdalesbr@nytimes.com,Female,Business Development,2418.01
Frederich,Labbez,flabbezbs@youtube.com,Male,Accounting,2297.05
Kathryne,Ebbutt,kebbuttbt@live.com,Female,Training,2657.64
Abrahan,Walkey,awalkeybu@spotify.com,Male,Research and Development,2191.85
Keene,Buney,kbuneybv@smh.com.au,Male,Accounting,2521.73
Park,Falkous,pfalkousbw@cmu.edu,Male,Legal,2604.94
Neysa,Hardwicke,nhardwickebx@digg.com,Female,Research and Development,2894.97
William,Feckey,wfeckeyby@istockphoto.com,Male,Legal,2865.44
Jarrad,Jordan,jjordanbz@yale.edu,Male,Legal,1925.31
Raffarty,Tonn,rtonnc0@dot.gov,Male,Sales,2529.86
Magda,Nowlan,mnowlanc1@imgur.com,Female,Product Management,2587.08
Valentine,Kibblewhite,vkibblewhitec2@google.com.au,Female,Research and Development,2954.61
Orazio,Dradey,odradeyc3@imdb.com,Male,Business Development,2123.92
Nolana,Blincowe,nblincowec4@networkadvertising.org,Female,Research and Development,2609.86
Emmit,Rodear,erodearc5@technorati.com,Male,Marketing,1593.55
Ronny,Kolodziejski,rkolodziejskic6@umn.edu,Female,Training,2029.77
Maxie,Chatenet,mchatenetc7@google.com,Female,Business Development,1841.07
Raf,Zohrer,rzohrerc8@ow.ly,Female,Marketing,1780.84
Erna,Popworth,epopworthc9@jimdo.com,Non-binary,Engineering,2300.21
Orazio,Marrington,omarringtonca@kickstarter.com,Male,Accounting,1643.93
Gerald,Tredger,gtredgercb@jimdo.com,Male,Marketing,1540.06
Charo,Spridgeon,cspridgeoncc@etsy.com,Female,Research and Development,2864.36
Roscoe,Mackstead,rmacksteadcd@gmpg.org,Male,Sales,2684.45
Bobbye,Badder,bbadderce@163.com,Female,Legal,2457.22
Charleen,Barbara,cbarbaracf@sphinn.com,Female,Support,2885.6
Esther,Bakhrushkin,ebakhrushkincg@ezinearticles.com,Female,Training,1928.22
Ezri,Collabine,ecollabinech@uiuc.edu,Male,Sales,1937.26
Bobby,Gabey,bgabeyci@opera.com,Male,Business Development,2380.29
Heall,Feldberger,hfeldbergercj@eepurl.com,Male,Sales,2248.32
Waylon,Landor,wlandorck@eepurl.com,Male,Research and Development,1529.65
Sam,Tremain,stremaincl@youtube.com,Female,Training,1847.64
Rana,Lerer,rlerercm@geocities.jp,Female,Engineering,2567.94
Prisca,Halm,phalmcn@blogger.com,Female,Product Management,2808.74
Jacynth,Cowlin,jcowlinco@altervista.org,Female,Product Management,2974.42
Godfree,Uren,gurencp@mac.com,Male,Human Resources,2798.31
Carlene,Olivier,coliviercq@usgs.gov,Female,Services,1525.69
Crissie,Shalloe,cshalloecr@ebay.co.uk,Non-binary,Services,1680.38
Thedrick,Hovel,thovelcs@businessweek.com,Male,Training,1564.74
Filide,Goudard,fgoudardct@slideshare.net,Female,Training,2653.38
Ailene,Spilsburie,aspilsburiecu@4shared.com,Female,Research and Development,2586.68
Grier,Ohm,gohmcv@hhs.gov,Female,Engineering,2596.58
Kurt,Asch,kaschcw@macromedia.com,Male,Training,2126.31
Ode,Giuroni,ogiuronicx@guardian.co.uk,Male,Human Resources,1795.81
Carmela,Bartholin,cbartholincy@privacy.gov.au,Female,Human Resources,2136.81
Zsazsa,Cunney,zcunneycz@tinypic.com,Female,Training,1798.5
Forrest,Nutting,fnuttingd0@forbes.com,Male,Training,2876.19
Manolo,Freda,mfredad1@instagram.com,Male,Services,2997.49
Wiatt,McNelly,wmcnellyd2@cdc.gov,Male,Engineering,1506.52
Danya,Askem,daskemd3@arstechnica.com,Genderqueer,Support,2168.13
Caro,Semeradova,csemeradovad4@unesco.org,Female,Research and Development,2669.27
Angelo,Sooley,asooleyd5@qq.com,Male,Research and Development,2348.35
Cacilie,Toft,ctoftd6@gov.uk,Agender,Legal,2973.07
Doro,Bache,dbached7@twitpic.com,Agender,Engineering,1995.33
Tad,Nealy,tnealyd8@amazon.co.uk,Male,Sales,2027.49
Laetitia,Ackerley,lackerleyd9@npr.org,Female,Legal,2320.45
Jourdain,Itzcovichch,jitzcovichchda@constantcontact.com,Male,Marketing,2907.13
Nata,MacComiskey,nmaccomiskeydb@jiathis.com,Female,Training,2884.49
Laura,Nesterov,lnesterovdc@devhub.com,Female,Services,2568.16
Dannel,Duckwith,dduckwithdd@1688.com,Male,Research and Development,2460.85
Tyne,Caines,tcainesde@hud.gov,Female,Product Management,2722.94
Zeb,Seton,zsetondf@cdc.gov,Male,Services,2611.4
Lammond,Missen,lmissendg@1688.com,Male,Marketing,1859.68
Gina,Richley,grichleydh@fema.gov,Female,Human Resources,2090.26
Delores,Haulkham,dhaulkhamdi@edublogs.org,Female,Accounting,2737.59
Meaghan,Beetham,mbeethamdj@bloglines.com,Non-binary,Engineering,1696.4
Kinnie,Cavey,kcaveydk@wix.com,Male,Legal,2283.46
Anderson,Benford,abenforddl@jimdo.com,Male,Research and Development,1743.37
Tildie,Trorey,ttroreydm@rakuten.co.jp,Bigender,Business Development,1732.86
Elizabeth,Presnail,epresnaildn@printfriendly.com,Female,Engineering,2462.42
Damien,Maddicks,dmaddicksdo@goo.ne.jp,Male,Legal,2051.41
Ronica,Roz,rrozdp@barnesandnoble.com,Female,Marketing,1537.92
Milzie,Baguley,mbaguleydq@tamu.edu,Female,Training,2696.65
Bernardo,Copins,bcopinsdr@flickr.com,Male,Legal,2891.06
Finn,Raspison,fraspisonds@constantcontact.com,Male,Sales,1526.04
Alasteir,Dominik,adominikdt@t-online.de,Male,Services,1515.34
Bree,Meriton,bmeritondu@google.de,Female,Training,2562.66
Giffy,Plett,gplettdv@salon.com,Male,Product Management,2883.3
Thibaut,Moro,tmorodw@hao123.com,Male,Support,2969.38
Tarrah,Whiteway,twhitewaydx@sciencedirect.com,Agender,Training,2674.31
Cesaro,Krzysztof,ckrzysztofdy@wikispaces.com,Male,Services,1952.35
Udell,Rojas,urojasdz@hubpages.com,Male,Sales,2147.04
Gavrielle,Colvie,gcolviee0@cbsnews.com,Female,Sales,1832.21
Flo,O'Kennedy,fokennedye1@msu.edu,Female,Training,2180.75
Meade,Mattschas,mmattschase2@harvard.edu,Male,Engineering,2842.5
Evania,Clymo,eclymoe3@foxnews.com,Female,Sales,2609.31
Northrop,Martinelli,nmartinellie4@drupal.org,Male,Accounting,1502.22
Horace,Grotty,hgrottye5@addtoany.com,Male,Business Development,2568.09
Demetris,Marval,dmarvale6@ucla.edu,Male,Marketing,2809.37
Devin,Pegden,dpegdene7@hexun.com,Male,Product Management,1984.6
Caroline,Brandoni,cbrandonie8@technorati.com,Female,Research and Development,2295.83
Melisa,Stigger,mstiggere9@xing.com,Female,Services,2377.12
Cortie,Dabling,cdablingea@biglobe.ne.jp,Male,Human Resources,1974.69
Bax,Besemer,bbesemereb@ox.ac.uk,Male,Marketing,2650.14
Jeth,Flahive,jflahiveec@house.gov,Male,Services,2642.76
Gabi,Jan,gjaned@dell.com,Female,Research and Development,2024.84
Nomi,Deaconson,ndeaconsonee@360.cn,Female,Support,2521.16
Devy,Christopherson,dchristophersonef@telegraph.co.uk,Male,Sales,2849.11
Genvieve,Dodimead,gdodimeadeg@zimbio.com,Female,Legal,2429.45
Garret,Zeale,gzealeeh@photobucket.com,Male,Support,2963.69
Birk,Ballsdon,bballsdonei@boston.com,Male,Support,2891.75
Garold,Deans,gdeansej@google.es,Male,Services,1563.81
Hedi,Elgar,helgarek@canalblog.com,Female,Human Resources,1583.89
Florenza,McWhin,fmcwhinel@shinystat.com,Female,Accounting,2666.43
Karna,Wormstone,kwormstoneem@fema.gov,Female,Product Management,1959.16
Aguistin,Peacham,apeachamen@tripod.com,Male,Product Management,2518.07
Danika,Kiehnlt,dkiehnlteo@wikimedia.org,Female,Engineering,2254.2
Camille,Sambrok,csambrokep@yale.edu,Female,Support,1777.35
Loren,Waterstone,lwaterstoneeq@scientificamerican.com,Male,Research and Development,2500.6
Amalia,Oxenden,aoxendener@blinklist.com,Female,Support,1815.1
Iago,Blunkett,iblunkettes@un.org,Male,Business Development,2175.47
Bibby,Hargreaves,bhargreaveset@mysql.com,Female,Product Management,2082.5
Giffard,Skull,gskulleu@who.int,Male,Support,2019.78
Lotta,Weatherill,lweatherillev@gmpg.org,Female,Services,2901.24
Bank,Beddow,bbeddowew@businessinsider.com,Male,Human Resources,2051.26
Shermy,Ashfield,sashfieldex@amazon.com,Male,Legal,2937.99
Obediah,Smuth,osmuthey@youtu.be,Male,Accounting,1783.47
Sergent,Bickerdicke,sbickerdickeez@aol.com,Male,Legal,2466.71
Goober,Darnell,gdarnellf0@uiuc.edu,Male,Accounting,1813.27
Magdalene,Bleue,mbleuef1@mapy.cz,Female,Engineering,2609.78
Gweneth,Lemon,glemonf2@vkontakte.ru,Bigender,Sales,2367.21
Martie,Garrud,mgarrudf3@ox.ac.uk,Female,Business Development,2067.47
Leland,Moppett,lmoppettf4@dagondesign.com,Male,Support,2206.11
Aldridge,Melton,ameltonf5@meetup.com,Male,Training,1784.91
Rhianna,Vickers,rvickersf6@yahoo.com,Female,Marketing,2312.19
Svend,Tomet,stometf7@free.fr,Male,Research and Development,1631.03
Milty,Gilhespy,mgilhespyf8@example.com,Male,Legal,2180.16
Cybil,Cowlas,ccowlasf9@opensource.org,Agender,Engineering,2062.63
Ogdon,Whitchurch,owhitchurchfa@bbb.org,Male,Sales,2123.73
Barclay,Cubbini,bcubbinifb@newsvine.com,Male,Engineering,2301.15
Aeriela,Tejero,atejerofc@ebay.co.uk,Female,Marketing,2797.83
Ingaberg,Trigwell,itrigwellfd@mail.ru,Female,Accounting,1652.91
Elmer,Vockings,evockingsfe@csmonitor.com,Male,Services,2173.32
Dolley,Revington,drevingtonff@baidu.com,Female,Training,2219.95
Darline,Coughlin,dcoughlinfg@cpanel.net,Female,Legal,2402.88
Zorana,Hafner,zhafnerfh@i2i.jp,Female,Legal,2456.59
Ian,Waugh,iwaughfi@usgs.gov,Male,Business Development,1777.34
Barron,McGrotty,bmcgrottyfj@diigo.com,Male,Engineering,2316.79
Arin,Cadagan,acadaganfk@seesaa.net,Male,Marketing,2427.66
Tomkin,Shearmer,tshearmerfl@360.cn,Male,Legal,2177.64
Betsy,Kuhnhardt,bkuhnhardtfm@bbb.org,Female,Legal,2740.47
Marianne,Drees,mdreesfn@time.com,Female,Human Resources,2958.12
Brnaby,Armor,barmorfo@liveinternet.ru,Male,Marketing,1766.43
Berkley,Livingstone,blivingstonefp@woothemes.com,Genderqueer,Support,1880.21
Esme,Santhouse,esanthousefq@patch.com,Male,Accounting,2530.74
Kaleb,Dudill,kdudillfr@github.com,Male,Sales,1818.83
Shirley,Greeveson,sgreevesonfs@edublogs.org,Female,Research and Development,2618.36
Gerik,Yoodall,gyoodallft@scribd.com,Male,Business Development,2106.16
Quill,Maps,qmapsfu@51.la,Male,Services,1854.79
Nealon,Filintsev,nfilintsevfv@theatlantic.com,Male,Product Management,1582.56
Raymund,McGirl,rmcgirlfw@artisteer.com,Male,Marketing,2477.38
Roberto,Dansey,rdanseyfx@deviantart.com,Male,Support,2618.19
Gregoor,Hillett,ghillettfy@joomla.org,Male,Product Management,1853.9
Allsun,Dulanty,adulantyfz@ca.gov,Female,Legal,2889.93
Austin,Cowill,acowillg0@webmd.com,Male,Legal,2646.75
Ysabel,Blowne,yblowneg1@goo.ne.jp,Female,Marketing,1516.4
Walker,Facher,wfacherg2@netscape.com,Male,Research and Development,2320.49
Hiram,Parsisson,hparsissong3@unc.edu,Male,Business Development,2121.3
Valentine,Whittaker,vwhittakerg4@eventbrite.com,Female,Research and Development,2148.67
Obed,Bonifas,obonifasg5@techcrunch.com,Non-binary,Marketing,2337.67
Isak,Zannutti,izannuttig6@yale.edu,Genderfluid,Training,2071.36
Harriott,Beeck,hbeeckg7@amazon.de,Female,Human Resources,1988.44
Nicolette,Balassi,nbalassig8@squidoo.com,Female,Business Development,1983.75
Meredeth,Burgher,mburgherg9@cafepress.com,Male,Legal,1688.1
Stafani,Banfield,sbanfieldga@simplemachines.org,Female,Engineering,1572.6
Gabbie,Titford,gtitfordgb@wikimedia.org,Male,Training,2329.69
Kristen,Ninotti,kninottigc@posterous.com,Female,Engineering,2087.66
Ted,Kingsley,tkingsleygd@google.es,Non-binary,Services,2579.38
Berk,Oswick,boswickge@bloglines.com,Male,Product Management,2298.37
Denyse,Pate,dpategf@simplemachines.org,Female,Training,2661.95
Carmelia,Cockarill,ccockarillgg@technorati.com,Female,Human Resources,2340.71
Karoly,Wordley,kwordleygh@vk.com,Female,Marketing,1718.55
Lem,Retchless,lretchlessgi@msn.com,Male,Training,1527.74
Lari,Baudasso,lbaudassogj@webnode.com,Female,Marketing,2693.4
Saleem,Bales,sbalesgk@parallels.com,Male,Engineering,1507.01
Archambault,Gaffer,agaffergl@mapquest.com,Male,Accounting,1835.58
Pierce,Wimlett,pwimlettgm@i2i.jp,Male,Business Development,1740.29
Rouvin,Tokley,rtokleygn@goo.gl,Male,Sales,1900.22
Loella,Baston,lbastongo@shinystat.com,Female,Human Resources,1611.61
Frannie,Killwick,fkillwickgp@bbc.co.uk,Female,Research and Development,2525.31
Rois,Andrzejak,randrzejakgq@123-reg.co.uk,Female,Engineering,1955.21
Thedric,Grutchfield,tgrutchfieldgr@technorati.com,Male,Accounting,1738.27
Alexis,Liccardo,aliccardogs@linkedin.com,Male,Support,2616.77
Clyve,Marchent,cmarchentgt@drupal.org,Bigender,Sales,2750.66
Daisey,MacTavish,dmactavishgu@netvibes.com,Female,Product Management,2443.94
Linc,Hallum,lhallumgv@taobao.com,Male,Sales,1879.41
Karia,Chifney,kchifneygw@discuz.net,Female,Services,2146.72
Shelly,McMeekan,smcmeekangx@theglobeandmail.com,Agender,Marketing,1957.95
Devlen,Baudy,dbaudygy@cbsnews.com,Male,Training,1887.88
Tomasina,Houndsom,thoundsomgz@trellian.com,Female,Training,2531.45
Cristobal,Miner,cminerh0@apple.com,Male,Legal,2511.69
Carlyn,Lisciandro,clisciandroh1@spiegel.de,Female,Training,1864.11
Rod,Thorbon,rthorbonh2@altervista.org,Male,Training,2443.15
Moyra,Damrel,mdamrelh3@de.vu,Female,Human Resources,2751.37
Kaja,Lumber,klumberh4@archive.org,Non-binary,Research and Development,2044.43
Ricky,Chazerand,rchazerandh5@ebay.com,Female,Services,2066.9
Carine,Rosevear,crosevearh6@e-recht24.de,Bigender,Marketing,2310.17
Tessi,Joutapaitis,tjoutapaitish7@abc.net.au,Female,Training,2843.95
Shadow,Janda,sjandah8@spiegel.de,Male,Training,1779.13
Vaclav,Blencowe,vblencoweh9@nih.gov,Male,Accounting,1998.54
Cad,Andreucci,candreucciha@discovery.com,Male,Services,2917.47
Delmer,Stockall,dstockallhb@ibm.com,Male,Accounting,2115.69
Xena,Lammie,xlammiehc@tripadvisor.com,Female,Marketing,2952.0
Jeremie,Bowfin,jbowfinhd@weebly.com,Male,Training,2992.12
Gunter,Blaxeland,gblaxelandhe@aol.com,Male,Human Resources,2104.3
Burton,Huegett,bhuegetthf@google.it,Male,Sales,2182.94
Rennie,Baldwin,rbaldwinhg@hubpages.com,Female,Marketing,2430.06
Rosette,Spofforth,rspofforthhh@reddit.com,Bigender,Sales,2658.94
Rania,Coppledike,rcoppledikehi@histats.com,Female,Legal,2737.74
Lesli,Lankester,llankesterhj@psu.edu,Female,Product Management,2877.21
Gavra,Wolters,gwoltershk@lulu.com,Female,Marketing,2006.92
Micheline,Folley,mfolleyhl@tinypic.com,Bigender,Engineering,2935.18
Brenda,Barabich,bbarabichhm@yellowpages.com,Female,Product Management,2950.37
Doll,Meir,dmeirhn@smugmug.com,Female,Legal,2408.83
Annmarie,Fuke,afukeho@furl.net,Female,Legal,2229.4
Sybille,Skunes,sskuneshp@google.com.hk,Female,Product Management,2128.38
Simone,Ochterlony,sochterlonyhq@yolasite.com,Male,Research and Development,2239.73
Federico,Longmead,flongmeadhr@usa.gov,Male,Accounting,2295.87
Antonin,Wintringham,awintringhamhs@mac.com,Male,Research and Development,2416.07
Walliw,Kemish,wkemishht@twitter.com,Female,Marketing,1649.61
Philippine,Smellie,psmelliehu@cyberchimps.com,Polygender,Marketing,2873.54
Cullie,Rolles,crolleshv@home.pl,Male,Marketing,1779.21
Iorgos,Tigwell,itigwellhw@naver.com,Male,Legal,2123.47
Floris,Perris,fperrishx@diigo.com,Female,Engineering,2623.16
Lambert,Maynard,lmaynardhy@hostgator.com,Male,Accounting,2712.83
Mitchell,Lott,mlotthz@hhs.gov,Male,Business Development,1567.26
Bone,Budibent,bbudibenti0@icio.us,Male,Marketing,2954.45
Abram,Ilyin,ailyini1@huffingtonpost.com,Male,Human Resources,2153.52
Nap,Goaks,ngoaksi2@webnode.com,Male,Legal,2787.7
Aland,Loghan,aloghani3@gnu.org,Male,Research and Development,2882.13
Theressa,McGurk,tmcgurki4@squarespace.com,Female,Sales,2997.87
Korrie,Lamort,klamorti5@booking.com,Female,Support,2991.66
Eadie,Giovannilli,egiovannillii6@google.de,Female,Business Development,2322.19
Clive,Reymers,creymersi7@webmd.com,Male,Research and Development,2928.77
Benedetta,Piddletown,bpiddletowni8@comsenz.com,Female,Research and Development,2950.5
Josy,Buff,jbuffi9@yellowbook.com,Female,Marketing,2922.42
Silvan,Whyman,swhymania@stumbleupon.com,Male,Training,2840.56
Paco,Lubomirski,plubomirskiib@naver.com,Male,Training,2010.0
Gelya,Grinley,ggrinleyic@yellowbook.com,Female,Engineering,2929.81
Lyssa,Menguy,lmenguyid@drupal.org,Agender,Engineering,2105.87
Doloritas,Baiden,dbaidenie@epa.gov,Female,Legal,1549.32
Duane,Suddards,dsuddardsif@earthlink.net,Male,Services,1984.77
Avrom,Bansal,abansalig@cloudflare.com,Male,Accounting,2393.63
Sandor,Ferney,sferneyih@amazon.co.jp,Male,Services,1982.05
Lauren,Vere,lvereii@jiathis.com,Male,Engineering,1855.8
Camey,Venning,cvenningij@techcrunch.com,Male,Human Resources,2065.48
Marlene,McIlvoray,mmcilvorayik@independent.co.uk,Female,Research and Development,2480.5
Claiborne,Hendrik,chendrikil@prweb.com,Male,Legal,1677.47
Fletcher,Luney,fluneyim@goodreads.com,Male,Accounting,2413.8
Fredia,Wilbor,fwilborin@msu.edu,Female,Legal,2428.06
Livy,Grishanin,lgrishaninio@jiathis.com,Agender,Services,2739.14
Paul,Schiell,pschiellip@lycos.com,Male,Support,1758.59
Ancell,Rollings,arollingsiq@tinypic.com,Male,Sales,1639.73
Mela,Van Bruggen,mvanbruggenir@ucoz.com,Female,Sales,1950.26
Dagny,Gideon,dgideonis@constantcontact.com,Male,Product Management,1546.17
Arron,Tremayle,atremayleit@blinklist.com,Male,Business Development,2674.55
Lion,Fitch,lfitchiu@engadget.com,Male,Sales,2503.74
Wendeline,Halsall,whalsalliv@issuu.com,Female,Services,2348.81
Maxie,Gorries,mgorriesiw@jiathis.com,Agender,Services,2440.62
Letisha,Lergan,llerganix@de.vu,Female,Support,2970.87
Darrel,Skrzynski,dskrzynskiiy@xinhuanet.com,Male,Human Resources,2704.86
Hilarius,Cudby,hcudbyiz@dagondesign.com,Male,Sales,1853.37
Freemon,Mallinson,fmallinsonj0@huffingtonpost.com,Male,Accounting,2137.89
Adria,Giraudat,agiraudatj1@cbsnews.com,Female,Engineering,1720.5
Casandra,Habbershon,chabbershonj2@youtube.com,Agender,Research and Development,1724.3
Malinde,Wrate,mwratej3@narod.ru,Genderfluid,Engineering,1779.55
Teresa,Devenny,tdevennyj4@amazon.co.uk,Female,Sales,1628.8
Mortimer,Pordall,mpordallj5@aboutads.info,Male,Sales,2078.85
Dieter,Tayler,dtaylerj6@sitemeter.com,Male,Services,1933.22
Lenette,Crunkhurn,lcrunkhurnj7@google.ca,Female,Engineering,1593.17
Fanchette,Wateridge,fwateridgej8@issuu.com,Female,Marketing,1726.74
Carline,Bate,cbatej9@dmoz.org,Female,Research and Development,2211.49
Monica,Lyndon,mlyndonja@ifeng.com,Female,Legal,1805.03
Charles,Macallam,cmacallamjb@geocities.jp,Male,Research and Development,2025.92
Maje,Minci,mmincijc@purevolume.com,Male,Human Resources,1606.05
Biron,Dupey,bdupeyjd@xinhuanet.com,Agender,Marketing,1607.36
Hana,Scambler,hscamblerje@skyrock.com,Female,Human Resources,1799.2
Rudyard,Oliveti,rolivetijf@spotify.com,Male,Legal,1724.4
Linus,Godman,lgodmanjg@ning.com,Male,Business Development,2770.49
Gregoor,Brabon,gbrabonjh@latimes.com,Male,Business Development,2625.56
Constancy,Lambie,clambieji@wordpress.org,Female,Research and Development,2416.39
Bren,Martonfi,bmartonfijj@multiply.com,Female,Legal,1884.82
Mady,Deakes,mdeakesjk@mac.com,Female,Sales,2783.9
Jess,Devorill,jdevorilljl@netvibes.com,Female,Accounting,1702.33
Alberto,Reddel,areddeljm@alibaba.com,Male,Product Management,2803.4
Engelbert,Koch,ekochjn@storify.com,Male,Training,2776.6
Essy,Baggett,ebaggettjo@t-online.de,Female,Research and Development,2436.5
Caldwell,Taillant,ctaillantjp@state.gov,Male,Research and Development,1901.94
Felice,Fibbens,ffibbensjq@is.gd,Male,Engineering,1624.37
Katrine,Dorie,kdoriejr@com.com,Female,Business Development,2356.81
Kai,Paddock,kpaddockjs@imdb.com,Female,Training,1750.02
Theressa,Hurling,thurlingjt@exblog.jp,Female,Business Development,1697.02
Nertie,Sloegrave,nsloegraveju@bigcartel.com,Female,Research and Development,2480.41
Dahlia,Lavender,dlavenderjv@usnews.com,Bigender,Support,2273.66
Farly,Authers,fauthersjw@hp.com,Male,Legal,2776.05
Mariele,Lampke,mlampkejx@uiuc.edu,Female,Accounting,1860.3
Val,Essberger,vessbergerjy@nhs.uk,Female,Sales,2370.21
Julietta,Amort,jamortjz@uol.com.br,Female,Support,2190.59
Bryanty,Aldwick,baldwickk0@washingtonpost.com,Male,Support,1528.07
Lloyd,Petrasch,lpetraschk1@goodreads.com,Male,Engineering,1880.39
Isa,Pavolillo,ipavolillok2@canalblog.com,Female,Training,2457.11
Valry,Jane,vjanek3@nifty.com,Female,Engineering,2344.09
Dene,Ditzel,dditzelk4@moonfruit.com,Male,Engineering,2170.27
Audie,Skeemer,askeemerk5@uol.com.br,Female,Marketing,2497.0
Elsey,Dudlestone,edudlestonek6@geocities.jp,Female,Research and Development,2041.75
Pierette,Mourbey,pmourbeyk7@nba.com,Non-binary,Product Management,2456.57
Petronille,Peddersen,ppeddersenk8@trellian.com,Genderfluid,Accounting,1719.2
Alfreda,Decruse,adecrusek9@pagesperso-orange.fr,Female,Training,1652.56
Tobey,Pottery,tpotteryka@washingtonpost.com,Female,Legal,1950.48
Gustaf,Gorringe,ggorringekb@tuttocitta.it,Male,Services,2411.63
Constancia,Baulk,cbaulkkc@amazon.de,Female,Human Resources,2457.77
Reinaldo,Hanny,rhannykd@ning.com,Male,Legal,2819.84
Mirabelle,Dimelow,mdimelowke@hugedomains.com,Female,Support,1934.14
Carrissa,Sarge,csargekf@ca.gov,Female,Business Development,1617.62
Ashly,Enderle,aenderlekg@shutterfly.com,Female,Sales,2790.85
Lark,Node,lnodekh@ycombinator.com,Female,Business Development,2113.34
Katinka,Shatliff,kshatliffki@biblegateway.com,Female,Support,2250.7
Ronica,Seddon,rseddonkj@arizona.edu,Female,Marketing,1887.74
Alison,Coutthart,acoutthartkk@usda.gov,Female,Support,2303.63
Bridgette,Merwede,bmerwedekl@example.com,Female,Product Management,2790.08
Maynard,Briatt,mbriattkm@elpais.com,Male,Engineering,1833.38
Amaleta,Anyon,aanyonkn@is.gd,Female,Accounting,2172.55
King,Manilo,kmaniloko@senate.gov,Male,Marketing,1548.88
Ora,Paty,opatykp@livejournal.com,Female,Business Development,1765.59
Zahara,Rudge,zrudgekq@nationalgeographic.com,Female,Research and Development,1863.94
Melisandra,Blackaby,mblackabykr@wikispaces.com,Female,Engineering,2357.54
Staford,McElwee,smcelweeks@ca.gov,Genderfluid,Research and Development,2116.41
Simone,Ashenhurst,sashenhurstkt@ucoz.com,Male,Product Management,2501.31
Field,Fraanchyonok,ffraanchyonokku@disqus.com,Male,Research and Development,2806.02
Denny,Wherton,dwhertonkv@mediafire.com,Male,Product Management,1879.95
Leann,Tynan,ltynankw@amazon.co.uk,Female,Accounting,2763.59
Simonne,Dutnall,sdutnallkx@japanpost.jp,Female,Marketing,1868.9
Kelsey,Stubbin,kstubbinky@apache.org,Female,Business Development,1928.36
Eleanora,Coverly,ecoverlykz@godaddy.com,Female,Services,2895.46
Magdalen,Beeswing,mbeeswingl0@oracle.com,Female,Business Development,1825.63
Kati,Smith,ksmithl1@cdbaby.com,Female,Engineering,1827.73
Tova,Cradick,tcradickl2@slideshare.net,Female,Accounting,2726.56
Tillie,Cullity,tcullityl3@google.co.uk,Female,Research and Development,2241.87
Clemence,Wince,cwincel4@tripod.com,Female,Training,2624.01
Jesse,Arents,jarentsl5@bloglovin.com,Polygender,Legal,1662.88
Ricki,Danigel,rdanigell6@furl.net,Female,Research and Development,2766.43
Marley,Madsen,mmadsenl7@pbs.org,Female,Training,2358.41
Alameda,Jurgen,ajurgenl8@mlb.com,Female,Business Development,1863.58
Erika,Andress,eandressl9@unc.edu,Female,Legal,1674.35
Renault,Droogan,rdrooganla@blog.com,Male,Sales,2319.54
Aylmer,Standidge,astandidgelb@kickstarter.com,Male,Training,2231.66
Kittie,Eloy,keloylc@amazon.com,Female,Research and Development,2574.31
Hetty,Hofler,hhoflerld@51.la,Female,Accounting,2187.12
Peter,Riley,prileyle@ebay.com,Male,Support,1774.04
Axel,Bernade,abernadelf@desdev.cn,Male,Sales,1806.38
Randy,Dalwood,rdalwoodlg@hubpages.com,Female,Accounting,1695.32
Brett,Kittow,bkittowlh@4shared.com,Female,Business Development,1871.55
Joanne,Hue,jhueli@bloglines.com,Female,Accounting,1772.6
Daryl,Voelker,dvoelkerlj@army.mil,Female,Sales,2611.22
Cari,Babalola,cbabalolalk@gmpg.org,Female,Services,1530.56
Darbee,Poinsett,dpoinsettll@miibeian.gov.cn,Male,Sales,1634.04
Nicolle,De Bell,ndebelllm@sbwire.com,Female,Marketing,2618.07
Devinne,Wateridge,dwateridgeln@ycombinator.com,Female,Marketing,1687.81
Vite,Heavy,vheavylo@tuttocitta.it,Male,Research and Development,2046.22
Derron,Palethorpe,dpalethorpelp@umich.edu,Male,Product Management,2711.79
Nickie,Birchall,nbirchalllq@bloomberg.com,Female,Business Development,2235.69
Angelo,Balentyne,abalentynelr@unesco.org,Male,Sales,1684.34
Adda,Hannah,ahannahls@weibo.com,Female,Legal,1555.54
Julie,Granham,jgranhamlt@nyu.edu,Female,Legal,2856.66
Doralynn,Gilloran,dgilloranlu@cbsnews.com,Female,Marketing,1547.62
Hector,Reader,hreaderlv@businesswire.com,Male,Services,2930.43
Simone,Riddell,sriddelllw@fotki.com,Female,Human Resources,2033.84
Olenka,Bondar,obondarlx@state.gov,Female,Engineering,2447.52
Ambrosius,Kear,akearly@qq.com,Male,Legal,1700.12
Grier,Pepin,gpepinlz@unblog.fr,Non-binary,Services,1837.99
Biddie,Stirton,bstirtonm0@g.co,Female,Human Resources,2824.68
Ginger,Sauniere,gsaunierem1@bizjournals.com,Agender,Human Resources,2577.93
Gard,Fielder,gfielderm2@imdb.com,Male,Training,2106.98
Nolly,Orkney,norkneym3@forbes.com,Agender,Engineering,1694.91
Honor,Thurlbeck,hthurlbeckm4@utexas.edu,Female,Business Development,1994.2
Charisse,d'Escoffier,cdescoffierm5@statcounter.com,Female,Legal,2942.32
Claudio,Meir,cmeirm6@gmpg.org,Male,Business Development,2071.38
Nikki,Smaling,nsmalingm7@weebly.com,Male,Services,2638.52
Fonz,Wisher,fwisherm8@narod.ru,Male,Accounting,2176.1
Saundra,Shire,sshirem9@ycombinator.com,Female,Sales,2636.49
Ewan,Hamblington,ehamblingtonma@nasa.gov,Male,Training,2954.16
Danny,Buxcy,dbuxcymb@constantcontact.com,Genderfluid,Support,2809.86
Donelle,Lopez,dlopezmc@cargocollective.com,Female,Accounting,2082.94
Darsey,Shotter,dshottermd@bloglines.com,Polygender,Accounting,1819.0
Norina,Whieldon,nwhieldonme@mediafire.com,Female,Research and Development,2328.09
Wood,Tesh,wteshmf@sourceforge.net,Male,Legal,2887.14
Holden,Di Angelo,hdiangelomg@google.cn,Male,Training,1586.93
Morgen,Saville,msavillemh@squidoo.com,Female,Services,1643.28
Darda,McCracken,dmccrackenmi@de.vu,Female,Training,2167.14
Terri,Boreham,tborehammj@msu.edu,Male,Engineering,1752.18
Zackariah,Satch,zsatchmk@51.la,Male,Research and Development,2243.56
Mace,Moth,mmothml@mayoclinic.com,Male,Legal,2971.3
Guthry,Norgate,gnorgatemm@google.co.uk,Male,Research and Development,1695.27
Gibbie,Mobbs,gmobbsmn@issuu.com,Male,Research and Development,2547.22
Maria,Bentham3,mbenthammo@icq.com,Female,Services,2437.68
Tonia,Grelik,tgrelikmp@bbc.co.uk,Female,Business Development,1735.47
Arleen,Viccary,aviccarymq@lycos.com,Female,Services,2689.22
Starlin,Geffen,sgeffenmr@google.co.jp,Female,Engineering,1913.52
Rufus,Drees,rdreesms@va.gov,Genderqueer,Research and Development,1990.86
Bobbye,Tabourel,btabourelmt@soup.io,Female,Legal,1790.4
Cherianne,Sleford,cslefordmu@blinklist.com,Female,Research and Development,2430.85
Edythe,Pearde,epeardemv@tinypic.com,Female,Sales,1512.42
Charity,Poetz,cpoetzmw@weebly.com,Female,Services,1852.63
Kora,Tolchard,ktolchardmx@jimdo.com,Female,Training,1917.43
Wittie,Elvish,welvishmy@is.gd,Male,Support,1830.84
Ronalda,Nineham,rninehammz@bloglovin.com,Female,Engineering,2197.08
Nadeen,Larrett,nlarrettn0@wsj.com,Female,Support,2981.88
Denny,Oxlade,doxladen1@oakley.com,Polygender,Business Development,2098.14
Toby,Evemy,tevemyn2@ft.com,Male,Product Management,1892.08
Sallyanne,O'Hannen,sohannenn3@answers.com,Female,Support,1968.92
Clareta,Wyvill,cwyvilln4@vk.com,Female,Business Development,2275.38
Adlai,Abella,aabellan5@mlb.com,Male,Support,1842.89
Gusella,Scholer,gscholern6@state.gov,Female,Engineering,2320.81
Linn,Whelpdale,lwhelpdalen7@sohu.com,Male,Training,2382.93
Penni,Alessandretti,palessandrettin8@eepurl.com,Female,Marketing,2311.44
Wally,Stickins,wstickinsn9@over-blog.com,Male,Sales,1801.57
Pippy,Dearnley,pdearnleyna@reverbnation.com,Polygender,Research and Development,1876.07
Corbett,Bleasdale,cbleasdalenb@businessweek.com,Male,Support,1841.21
Orton,Katt,okattnc@narod.ru,Male,Legal,1646.67
Terrill,Haylor,thaylornd@marketwatch.com,Male,Legal,1712.12
Shanan,Heyfield,sheyfieldne@ucoz.ru,Male,Research and Development,2939.47
Simonne,Yoodall,syoodallnf@dailymail.co.uk,Female,Accounting,2440.54
Rosanna,Jehan,rjehanng@un.org,Female,Human Resources,2749.86
Blake,Parsall,bparsallnh@unesco.org,Female,Engineering,2991.52
Tildy,Lovell,tlovellni@mediafire.com,Female,Business Development,2264.92
Andrey,Di Matteo,adimatteonj@drupal.org,Male,Engineering,1551.68
Modestine,Goacher,mgoachernk@pen.io,Female,Marketing,2468.46
Nealon,McCowen,nmccowennl@dot.gov,Genderfluid,Accounting,1956.37
Paddy,Presland,ppreslandnm@webeden.co.uk,Male,Product Management,2312.41
Hubey,Eskriett,heskriettnn@slate.com,Male,Business Development,1933.39
Ulrika,Kellar,ukellarno@redcross.org,Female,Support,1557.49
Arlin,Chansonnau,achansonnaunp@ucoz.ru,Male,Services,1632.75
Hill,Peinton,hpeintonnq@trellian.com,Male,Support,2592.89
Nilson,Nightingale,nnightingalenr@nps.gov,Genderqueer,Training,1971.73
Parsifal,Havelin,phavelinns@typepad.com,Male,Sales,1604.36
Joyan,Scargill,jscargillnt@topsy.com,Female,Research and Development,2088.91
Linnie,Echalier,lechaliernu@wunderground.com,Female,Support,2666.62
Robinia,Pegler,rpeglernv@apache.org,Female,Product Management,2347.24
Prent,Hunn,phunnnw@thetimes.co.uk,Male,Product Management,2251.65
Jacquetta,Pady,jpadynx@t.co,Female,Human Resources,1623.67
Clarisse,Carbry,ccarbryny@angelfire.com,Female,Business Development,1542.67
Ailis,Gambell,agambellnz@tripod.com,Female,Marketing,2401.62
Fayre,Probey,fprobeyo0@businesswire.com,Female,Marketing,1615.47
Nate,Farnan,nfarnano1@europa.eu,Male,Research and Development,2257.13
Calida,Churches,cchurcheso2@un.org,Genderqueer,Training,2804.75
Spense,Forty,sfortyo3@trellian.com,Male,Accounting,2153.33
Jere,Carlon,jcarlono4@ning.com,Male,Services,2421.37
David,Van,dvano5@nsw.gov.au,Male,Services,2536.02
Keane,Lezemere,klezemereo6@cnn.com,Male,Business Development,2721.13
Giffard,Hallmark,ghallmarko7@sogou.com,Male,Marketing,2275.61
Kristofor,Cathee,kcatheeo8@cafepress.com,Male,Human Resources,2386.5
Gerard,Weatherall,gweatherallo9@apache.org,Male,Training,2815.66
Laughton,Surphliss,lsurphlissoa@jugem.jp,Male,Business Development,2545.17
Whitney,Bassano,wbassanoob@w3.org,Genderfluid,Marketing,2666.46
Sydney,Hirschmann,shirschmannoc@histats.com,Male,Engineering,2476.05
Isa,Tranfield,itranfieldod@mapquest.com,Female,Research and Development,2049.29
Tiffanie,Donneely,tdonneelyoe@sohu.com,Genderqueer,Research and Development,1704.81
Troy,Cobley,tcobleyof@privacy.gov.au,Male,Accounting,1603.97
Maje,Gostyke,mgostykeog@gmpg.org,Male,Services,1779.31
Catina,O'Grada,cogradaoh@ft.com,Female,Product Management,2959.52
Katharyn,Izatson,kizatsonoi@weather.com,Female,Services,2615.3
Reilly,Battleson,rbattlesonoj@netvibes.com,Male,Marketing,1506.82
Edith,Crispin,ecrispinok@webeden.co.uk,Female,Business Development,2258.74
Rosita,Beteriss,rbeterissol@psu.edu,Female,Product Management,2997.33
Alexandrina,Dysart,adysartom@furl.net,Female,Services,1712.06
Cully,Stranieri,cstranierion@pinterest.com,Male,Services,2161.33
Kristofer,Lintin,klintinoo@opera.com,Male,Research and Development,2881.48
Emmie,Lasham,elashamop@twitpic.com,Female,Business Development,2909.27
Anny,Goodredge,agoodredgeoq@desdev.cn,Female,Services,2751.06
Hynda,Lightoller,hlightolleror@cloudflare.com,Female,Research and Development,2369.88
Hieronymus,Hazeldene,hhazeldeneos@hexun.com,Male,Human Resources,1875.2
Octavius,Osbourne,oosbourneot@go.com,Male,Product Management,2411.19
Linc,Reed,lreedou@clickbank.net,Male,Product Management,1686.53
Dickie,Barlow,dbarlowov@wp.com,Male,Sales,2416.69
Giff,Aguilar,gaguilarow@buzzfeed.com,Male,Training,2985.55
Woodman,Farress,wfarressox@usa.gov,Male,Business Development,2875.99
Lee,Eastway,leastwayoy@nymag.com,Male,Research and Development,1960.39
Ulric,Midlar,umidlaroz@biglobe.ne.jp,Male,Sales,1813.31
Drucill,Tabner,dtabnerp0@nydailynews.com,Female,Business Development,1825.52
Rozanna,Carlett,rcarlettp1@wikimedia.org,Female,Product Management,2564.88
Britney,Shaughnessy,bshaughnessyp2@independent.co.uk,Female,Engineering,2191.68
Kaine,Gosland,kgoslandp3@tinypic.com,Male,Marketing,2069.03
Cleo,Blackmuir,cblackmuirp4@noaa.gov,Female,Human Resources,1982.91
Layla,Flaws,lflawsp5@miibeian.gov.cn,Female,Product Management,1583.86
Karola,Le Clercq,kleclercqp6@ask.com,Female,Sales,1848.88
Joli,Coad,jcoadp7@ca.gov,Female,Training,2655.84
Marice,Burrus,mburrusp8@xinhuanet.com,Female,Accounting,1647.97
Valentine,Kedslie,vkedsliep9@mail.ru,Male,Human Resources,1864.07
Gerhardt,Mulcock,gmulcockpa@answers.com,Male,Training,2279.8
Bradan,Coysh,bcoyshpb@vistaprint.com,Male,Engineering,1912.57
Sofia,Zink,szinkpc@last.fm,Female,Engineering,2474.59
Brodie,Inseal,binsealpd@scribd.com,Male,Marketing,1632.43
Lucius,Simmen,lsimmenpe@pagesperso-orange.fr,Male,Services,2884.97
Waverley,Caddock,wcaddockpf@vimeo.com,Male,Support,2661.08
Dwight,Hambribe,dhambribepg@mit.edu,Male,Accounting,2312.44
Bald,Hedgeman,bhedgemanph@yolasite.com,Male,Marketing,1982.19
Bondie,Ivakhno,bivakhnopi@engadget.com,Bigender,Research and Development,1506.1
Viviene,Lilywhite,vlilywhitepj@about.com,Female,Sales,2138.69
Vergil,McSparran,vmcsparranpk@mysql.com,Male,Training,2535.93
Constantino,Whitely,cwhitelypl@jalbum.net,Male,Product Management,2943.71
Kaitlin,Pannaman,kpannamanpm@mapquest.com,Female,Product Management,1867.43
Rayshell,Kurth,rkurthpn@microsoft.com,Female,Support,1642.37
Salaidh,Bisacre,sbisacrepo@nydailynews.com,Female,Training,2842.52
Aleece,D'Adamo,adadamopp@domainmarket.com,Female,Marketing,2654.53
Moshe,Giraudy,mgiraudypq@instagram.com,Male,Accounting,1960.58
Tremaine,Middleton,tmiddletonpr@nifty.com,Male,Services,2596.21
Banky,Capelin,bcapelinps@macromedia.com,Male,Support,2690.56
Lizabeth,Bergen,lbergenpt@merriam-webster.com,Female,Research and Development,1917.86
Elvin,Victoria,evictoriapu@squidoo.com,Male,Legal,2289.31
Caleb,Itzhaiek,citzhaiekpv@un.org,Male,Research and Development,1717.75
Herminia,Napoleon,hnapoleonpw@ucoz.ru,Female,Research and Development,2482.51
Bryn,Biddiss,bbiddisspx@yellowpages.com,Male,Human Resources,2216.22
Danny,McMyler,dmcmylerpy@go.com,Male,Product Management,1886.92
Waylen,Yakovliv,wyakovlivpz@illinois.edu,Male,Marketing,2264.64
Onfroi,Lambird,olambirdq0@examiner.com,Male,Business Development,2183.43
Hally,Wetherick,hwetherickq1@netlog.com,Genderfluid,Services,1687.87
Randene,MacPaik,rmacpaikq2@phoca.cz,Female,Accounting,2111.1
Catie,Unwins,cunwinsq3@nih.gov,Female,Training,1969.5
Kelbee,Elwyn,kelwynq4@huffingtonpost.com,Male,Engineering,1663.15
Eula,Worley,eworleyq5@redcross.org,Female,Services,2799.46
Nikki,Syder,nsyderq6@homestead.com,Male,Business Development,2727.21
Reginald,Boykett,rboykettq7@usda.gov,Male,Engineering,2482.33
Maia,Espadate,mespadateq8@sitemeter.com,Female,Human Resources,2926.57
Bethina,Flageul,bflageulq9@sun.com,Female,Training,1895.77
Corella,Mucklestone,cmucklestoneqa@live.com,Female,Research and Development,2637.83
Geri,Soutar,gsoutarqb@slate.com,Male,Human Resources,1703.73
Reena,Billo,rbilloqc@accuweather.com,Female,Product Management,1638.53
Sauveur,Dunstone,sdunstoneqd@census.gov,Male,Sales,2774.4
Tildy,McPhillimey,tmcphillimeyqe@state.tx.us,Female,Engineering,1737.32
Gypsy,Scarce,gscarceqf@un.org,Female,Product Management,2085.93
Freeman,Lockyear,flockyearqg@bloglovin.com,Male,Engineering,2331.12
Thadeus,McGaughey,tmcgaugheyqh@odnoklassniki.ru,Male,Engineering,2994.95
Hoebart,Zukierman,hzukiermanqi@comsenz.com,Male,Sales,1942.27
Marlie,Vaudin,mvaudinqj@telegraph.co.uk,Female,Services,2690.08
Carny,Gatenby,cgatenbyqk@macromedia.com,Male,Engineering,2366.01
Brandais,Mewburn,bmewburnql@ihg.com,Female,Marketing,2087.71
Freddy,McBean,fmcbeanqm@jiathis.com,Female,Sales,1923.17
Jean,MacSkeaghan,jmacskeaghanqn@loc.gov,Female,Services,2331.81
Fayth,Zimmermanns,fzimmermannsqo@nhs.uk,Female,Product Management,2307.97
Spense,Connew,sconnewqp@lulu.com,Polygender,Marketing,1812.11
Lemmy,Josskowitz,ljosskowitzqq@51.la,Male,Marketing,2240.98
Abigael,Kneller,aknellerqr@chron.com,Female,Engineering,2294.0
Walton,Trynor,wtrynorqs@desdev.cn,Male,Legal,2343.6
Kimbra,Scollan,kscollanqt@51.la,Female,Training,2319.14
Daryl,Lorking,dlorkingqu@ucla.edu,Female,Training,2850.99
Cesaro,Poltone,cpoltoneqv@blogtalkradio.com,Male,Business Development,2786.12
Delcina,Hantusch,dhantuschqw@apple.com,Female,Sales,2830.88
Ermanno,Retchless,eretchlessqx@miitbeian.gov.cn,Male,Services,2271.34
Madelena,Densumbe,mdensumbeqy@google.it,Female,Legal,1690.32
Shelley,Carrodus,scarrodusqz@shareasale.com,Bigender,Human Resources,1528.92
Idaline,Harverson,iharversonr0@issuu.com,Female,Research and Development,2356.4
Budd,Hamber,bhamberr1@paypal.com,Male,Marketing,1796.15
Billye,Currall,bcurrallr2@nature.com,Female,Support,2959.47
Carilyn,Arnson,carnsonr3@tinyurl.com,Female,Legal,1573.71
Tammie,Peaddie,tpeaddier4@stanford.edu,Male,Marketing,1696.8
Johannes,Bister,jbisterr5@oaic.gov.au,Male,Research and Development,1915.06
Georgeanne,Seeking,gseekingr6@yahoo.co.jp,Female,Legal,2176.9
Skell,Nucciotti,snucciottir7@blogtalkradio.com,Male,Accounting,2530.88
Cecilla,Slowgrove,cslowgrover8@utexas.edu,Female,Research and Development,2767.62
Whitaker,Hapgood,whapgoodr9@is.gd,Male,Accounting,1980.37
Angelo,Hazelby,ahazelbyra@com.com,Male,Accounting,2379.42
Cyrille,Fantone,cfantonerb@naver.com,Male,Marketing,2271.53
Peder,Darville,pdarvillerc@geocities.jp,Male,Research and Development,1698.46
Ludovico,Janousek,ljanousekrd@statcounter.com,Male,Accounting,1758.73
Rivi,Garnam,rgarnamre@toplist.cz,Female,Legal,2743.03
Laraine,Carruth,lcarruthrf@cdc.gov,Genderfluid,Human Resources,2923.97
Leola,Wakeham,lwakehamrg@cdc.gov,Female,Training,2816.66
Edi,Pettus,epettusrh@networksolutions.com,Female,Services,2257.32
Juli,Okroy,jokroyri@jigsy.com,Female,Training,2336.85
Collin,Rozzier,crozzierrj@businessweek.com,Male,Support,2251.13
Westbrook,Maly,wmalyrk@webmd.com,Male,Legal,2073.99
Silvie,Carragher,scarragherrl@opensource.org,Female,Accounting,2015.49
Farly,Gley,fgleyrm@sciencedaily.com,Non-binary,Human Resources,2174.85
Allayne,Gooddie,agooddiern@stanford.edu,Male,Legal,1833.11
Ruthanne,Geekie,rgeekiero@github.com,Female,Research and Development,2000.44
Ofelia,Scamaden,oscamadenrp@technorati.com,Female,Research and Development,2925.82
Marco,Jurkiewicz,mjurkiewiczrq@dagondesign.com,Male,Legal,2069.27
Katusha,Cardenoza,kcardenozarr@ustream.tv,Female,Human Resources,2450.48